state,city,year,education_services_exp,public_welfare_exp,hospital_exp,health_exp,police_protection_exp,fire_protection_exp,corrections_exp,inspection_and_regulation,parks_and_recreation_exp,housing_&_community_development_exp,financial_administration_exp,judicial_and_legal_exp,general_public_buildings_exp,other_governmental_admin_exp
AK,Anchorage,2010,"2,880",0,0,104,434,293,0,34,177,0,65,29,6,92
AK,Anchorage,2011,"2,787",0,0,93,411,311,0,32,142,0,61,35,5,73
AK,Anchorage,2012,"2,430",0,0,97,447,327,0,33,76,0,82,29,15,79
AK,Anchorage,2013,"2,472",0,0,129,454,336,0,0,26,0,0,27,0,77
AK,Anchorage,2014,"2,456",5,0,76,469,373,0,0,55,37,30,27,0,82
AK,Anchorage,2015,"2,730",5,0,83,483,385,0,0,127,34,67,28,0,87
AK,Anchorage,2016,"2,464",5,0,79,481,384,0,35,125,39,73,27,0,77
AK,Anchorage,2017,"2,366",5,0,71,445,386,0,33,118,40,66,26,0,58
AK,Fairbanks,2010,"2,690",0,0,55,337,300,0,21,95,136,138,15,0,88
AK,Fairbanks,2011,"2,632",0,0,51,354,261,0,21,94,125,130,14,0,80
AK,Fairbanks,2012,"2,404",0,0,61,215,276,0,22,92,144,114,17,0,126
AK,Fairbanks,2013,"2,421",0,0,66,293,265,0,0,138,140,93,16,0,83
AK,Fairbanks,2014,"2,371",0,0,41,264,287,0,21,134,155,130,31,0,112
AK,Fairbanks,2015,"2,554",0,0,21,292,281,0,21,100,158,135,23,0,86
AK,Fairbanks,2016,"2,186",0,0,23,237,311,0,22,98,158,147,17,0,83
AK,Fairbanks,2017,"2,192",0,0,42,208,328,0,22,97,156,94,16,1,109
AL,Birmingham,2010,"2,015",2,149,173,482,354,107,4,170,568,159,86,33,259
AL,Birmingham,2011,"2,047",0,148,84,441,313,87,80,145,474,107,67,131,142
AL,Birmingham,2012,"1,781",0,151,94,443,291,56,101,160,456,109,72,128,172
AL,Birmingham,2013,"1,540",0,155,84,471,280,58,57,178,442,143,93,135,144
AL,Birmingham,2014,"1,372",0,112,76,492,284,51,58,202,484,106,90,79,171
AL,Birmingham,2015,"1,375",0,0,151,497,287,57,62,210,510,102,107,71,157
AL,Birmingham,2016,"1,367",0,0,137,519,310,52,62,219,504,121,100,67,170
AL,Birmingham,2017,"1,347",0,0,135,527,308,52,66,245,491,118,122,71,185
AL,Mobile,2010,"1,531",20,0,173,392,170,70,3,171,399,93,66,46,115
AL,Mobile,2011,"1,483",39,0,176,416,205,48,27,174,523,68,41,73,64
AL,Mobile,2012,"1,439",11,0,195,338,136,62,24,160,313,76,59,47,107
AL,Mobile,2013,"1,485",12,0,226,332,141,61,24,118,257,78,40,39,107
AL,Mobile,2014,"1,443",12,0,279,337,141,61,25,117,283,99,41,42,105
AL,Mobile,2015,"1,466",11,0,309,337,143,65,25,119,282,102,45,43,106
AL,Mobile,2016,"1,458",14,0,337,338,155,63,28,157,294,107,56,31,101
AL,Mobile,2017,"1,348",8,0,344,336,163,61,36,155,305,103,56,26,84
AL,Montgomery,2010,"1,670",14,"1,107",61,320,171,99,13,107,171,97,44,145,61
AL,Montgomery,2011,"1,443",17,"1,124",62,289,160,105,0,153,231,88,41,210,63
AL,Montgomery,2012,"1,341",18,"1,292",66,288,167,99,12,147,181,83,44,44,21
AL,Montgomery,2013,"1,411",15,"1,512",68,330,162,94,12,153,162,64,44,54,45
AL,Montgomery,2014,"1,317",15,"1,473",71,290,155,92,12,177,163,63,46,75,45
AL,Montgomery,2015,"1,342",17,"1,498",70,297,164,119,13,174,157,56,45,51,55
AL,Montgomery,2016,"1,397",5,"1,609",69,288,161,94,11,142,153,58,61,61,75
AL,Montgomery,2017,"1,375",7,"1,706",68,281,166,89,11,143,152,38,61,49,32
AR,Ft. Smith,2010,"2,141",0,0,2,213,141,83,4,80,129,65,54,16,65
AR,Ft. Smith,2011,"2,029",0,0,10,224,130,61,4,54,130,66,50,19,61
AR,Ft. Smith,2012,"1,952",3,0,6,229,129,67,0,49,124,64,43,13,61
AR,Ft. Smith,2013,"1,877",4,0,2,220,133,71,0,49,105,59,52,9,58
AR,Ft. Smith,2014,"1,967",3,0,2,221,150,69,0,54,112,49,42,7,59
AR,Ft. Smith,2015,"1,983",3,0,2,227,150,68,4,80,143,68,45,10,63
AR,Ft. Smith,2016,"1,922",3,0,16,222,159,61,5,75,148,68,52,10,63
AR,Ft. Smith,2017,"1,941",4,0,13,208,154,64,1,53,138,64,51,13,53
AR,Little Rock,2010,"2,052",0,0,105,366,222,62,13,208,170,69,55,6,43
AR,Little Rock,2011,"2,184",0,0,118,331,206,62,9,212,171,66,53,6,41
AR,Little Rock,2012,"1,948",0,0,117,330,218,67,8,222,169,72,53,5,41
AR,Little Rock,2013,"1,969",0,0,128,401,250,72,7,211,172,78,29,5,44
AR,Little Rock,2014,"1,940",0,0,123,405,235,69,8,220,132,89,52,5,44
AR,Little Rock,2015,"1,857",0,0,125,450,243,68,8,218,146,77,56,6,44
AR,Little Rock,2016,"1,812",0,0,153,401,239,73,8,202,149,80,59,5,46
AR,Little Rock,2017,"1,875",0,0,191,388,252,72,9,229,157,79,56,5,46
AZ,Mesa,2010,"1,440",11,190,29,454,186,110,25,118,69,48,121,11,41
AZ,Mesa,2011,"1,273",14,161,28,413,158,107,31,126,58,42,119,10,38
AZ,Mesa,2012,"1,208",16,187,27,402,182,113,8,109,47,29,115,11,53
AZ,Mesa,2013,"1,080",13,165,27,407,179,114,28,110,39,37,113,31,48
AZ,Mesa,2014,"1,207",6,185,27,436,146,117,25,149,43,19,114,28,50
AZ,Mesa,2015,"1,106",5,186,28,392,132,116,13,123,45,23,123,30,28
AZ,Mesa,2016,"1,087",5,193,27,445,146,113,14,87,36,24,122,37,28
AZ,Mesa,2017,"1,074",4,148,29,393,171,108,15,124,57,117,121,35,48
AZ,Phoenix,2010,"1,617",7,190,29,411,231,110,18,165,114,30,129,6,23
AZ,Phoenix,2011,"1,544",7,161,28,392,208,107,17,183,130,28,125,5,23
AZ,Phoenix,2012,"1,473",8,187,27,369,206,113,17,144,141,25,121,11,21
AZ,Phoenix,2013,"1,439",6,165,27,349,213,114,18,150,122,23,118,21,20
AZ,Phoenix,2014,"1,377",6,185,27,344,200,117,18,131,98,35,121,19,18
AZ,Phoenix,2015,"1,346",5,186,28,329,195,116,20,104,88,37,123,18,17
AZ,Phoenix,2016,"1,309",5,193,27,320,197,113,19,102,95,30,121,14,18
AZ,Phoenix,2017,"1,316",4,148,29,309,192,108,21,104,85,32,118,14,17
AZ,Tucson,2010,"1,311",110,287,38,482,179,100,23,165,372,104,218,4,60
AZ,Tucson,2011,"1,230",113,292,41,487,161,101,24,170,184,81,219,0,60
AZ,Tucson,2012,"1,225",102,66,52,438,156,102,9,134,159,75,216,5,2
AZ,Tucson,2013,"1,258",67,3,76,356,155,49,9,123,254,64,181,33,42
AZ,Tucson,2014,"1,178",62,0,71,315,155,50,8,117,256,56,156,28,42
AZ,Tucson,2015,"1,004",61,0,71,332,161,54,7,131,262,57,153,31,48
AZ,Tucson,2016,"1,020",60,0,65,405,181,55,7,132,121,70,169,21,77
AZ,Tucson,2017,"1,044",57,0,69,535,181,0,6,99,141,67,206,15,42
Average for Core FiSCs,,2010,"1,932",154,287,155,405,216,104,23,192,287,78,88,49,94
Average for Core FiSCs,,2011,"1,861",147,290,148,390,209,98,22,166,298,71,84,47,85
Average for Core FiSCs,,2012,"1,794",132,294,158,383,205,95,22,163,291,67,80,44,88
Average for Core FiSCs,,2013,"1,762",127,293,156,383,207,95,22,158,278,65,79,44,87
Average for Core FiSCs,,2014,"1,758",132,297,158,386,210,95,22,158,259,65,78,40,86
Average for Core FiSCs,,2015,"1,809",134,297,168,394,214,95,22,166,254,66,78,39,84
Average for Core FiSCs,,2016,"1,835",137,317,174,404,217,97,24,174,252,66,82,36,86
Average for Core FiSCs,,2017,"1,836",136,324,182,410,217,96,24,175,251,67,83,36,91
CA,,2010,"1,849",316,0,153,459,183,118,36,275,414,57,135,7,105
CA,,2011,"1,704",307,0,154,429,177,113,37,287,428,54,131,6,94
CA,,2012,"1,741",279,0,210,419,173,113,36,285,384,52,107,6,95
CA,,2013,"1,676",275,0,227,440,170,106,37,314,361,49,108,6,103
CA,,2014,"1,685",280,0,210,462,172,91,38,318,354,66,94,4,107
CA,,2015,"1,804",284,0,175,457,184,104,43,260,363,48,89,6,107
CA,,2016,"1,932",293,0,173,485,201,114,56,547,368,53,112,3,109
CA,,2017,"1,975",294,0,188,519,199,119,54,441,322,33,111,2,83
CA,,2010,"2,174",567,394,207,330,263,174,281,151,125,35,130,27,148
CA,,2011,"2,106",520,391,195,323,253,172,278,159,112,34,124,21,116
CA,,2012,"2,098",477,403,205,328,249,169,256,121,89,33,105,22,129
CA,,2013,"2,076",476,408,208,343,259,181,275,133,64,33,111,29,125
CA,,2014,"2,108",476,410,206,360,267,189,233,124,66,26,105,32,123
CA,,2015,"2,280",492,393,197,376,283,186,349,129,71,27,105,30,126
CA,,2016,"2,468",509,426,204,408,273,186,444,131,69,25,112,27,116
CA,,2017,"2,569",461,68,231,368,246,156,413,129,94,32,89,25,100
CA,,2010,"1,445",487,702,391,348,323,163,46,221,359,62,139,48,128
CA,,2011,"1,329",463,702,381,365,259,155,47,225,342,58,132,11,124
CA,,2012,"1,352",355,742,491,399,230,149,30,187,212,56,112,5,124
CA,,2013,"1,341",345,758,498,342,191,143,52,212,127,59,107,5,133
CA,,2014,"1,336",335,795,495,337,222,152,63,200,156,57,90,4,125
CA,,2015,"1,437",331,803,498,360,235,157,94,231,136,56,107,5,146
CA,,2016,"1,914",335,799,460,392,261,161,58,192,150,57,148,5,145
CA,,2017,"1,908",383,831,528,374,259,162,55,167,153,51,134,5,144
CA,,2010,"2,309",653,76,297,433,110,174,23,129,209,27,116,87,165
CA,,2011,"2,186",647,64,312,413,104,158,19,71,195,24,108,21,70
CA,,2012,"2,141",563,48,782,407,117,155,14,61,166,23,86,30,51
CA,,2013,"2,166",548,27,946,388,118,159,18,63,161,40,92,5,76
CA,,2014,"2,195",555,25,"1,106",373,117,160,10,58,178,21,85,5,82
CA,,2015,"2,369",583,25,"1,282",392,116,166,15,72,161,46,98,5,90
CA,,2016,"2,531",644,24,"1,389",378,115,158,16,62,148,34,87,4,71
CA,,2017,"2,470",446,22,"1,585",450,102,45,15,55,124,23,73,3,60
CA,,2010,"1,502",316,0,185,520,197,118,32,141,130,55,130,7,184
CA,,2011,"1,378",307,0,179,456,174,113,2,131,113,50,124,6,159
CA,,2012,"1,321",279,0,233,471,186,113,3,126,76,49,102,6,179
CA,,2013,"1,302",275,0,259,526,220,106,3,118,38,17,87,6,312
CA,,2014,"1,309",280,0,236,502,212,91,3,81,2,34,68,4,208
CA,,2015,"1,475",284,0,204,490,231,104,10,119,6,14,68,6,182
CA,,2016,"1,555",293,0,197,502,219,114,21,123,25,34,89,3,167
CA,,2017,"1,546",294,0,210,516,204,119,32,134,43,47,91,2,151
CA,,2010,"1,942",598,331,429,662,251,167,1,347,324,35,149,18,84
CA,,2011,"1,846",592,324,422,638,239,154,1,348,483,32,138,21,80
CA,,2012,"1,884",536,337,446,622,233,156,1,350,309,32,115,23,83
CA,,2013,"1,799",547,361,456,627,232,162,1,332,291,27,102,22,123
CA,,2014,"1,809",544,342,507,664,223,137,1,323,302,25,92,21,114
CA,,2015,"2,050",564,343,484,654,225,148,1,428,309,51,98,21,128
CA,,2016,"2,100",575,335,493,644,253,154,1,364,258,27,98,21,147
CA,,2017,"2,177",572,342,536,706,253,159,1,266,214,36,102,15,112
CA,,2010,"2,320",598,331,347,714,247,167,23,168,411,86,166,16,47
CA,,2011,"2,114",592,324,343,635,221,154,20,158,441,75,147,14,40
CA,,2012,"1,967",536,337,388,634,214,156,19,151,391,72,113,17,50
CA,,2013,"1,801",547,361,396,642,214,162,20,155,419,73,125,16,45
CA,,2014,"1,791",544,342,430,699,231,137,20,153,396,74,116,15,49
CA,,2015,"1,932",564,343,422,750,215,148,20,169,384,75,119,16,53
CA,,2016,"1,998",575,335,437,780,224,154,23,180,386,82,132,15,52
CA,,2017,"1,943",572,342,475,754,225,159,16,159,399,75,126,15,54
CA,,2010,"2,017",638,247,179,380,139,123,23,108,195,72,132,11,136
CA,,2011,"1,810",619,257,164,343,130,112,59,118,176,61,124,11,96
CA,,2012,"1,817",490,230,268,324,130,106,58,132,150,36,108,2,93
CA,,2013,"1,782",512,181,281,341,129,112,44,156,166,23,98,2,93
CA,,2014,"1,793",516,195,268,345,126,119,42,127,129,23,97,3,88
CA,,2015,"1,904",539,200,262,372,140,127,46,94,114,33,115,2,87
CA,,2016,"2,038",554,199,277,387,138,133,45,94,137,35,112,3,94
CA,,2017,"2,149",560,176,284,362,151,155,46,81,123,36,97,0,71
CA,,2010,"1,622",487,702,510,666,347,163,170,219,880,97,147,5,647
CA,,2011,"1,545",462,702,510,605,336,155,133,224,926,108,140,5,748
CA,,2012,"1,572",353,742,628,598,370,149,72,248,"2,044",84,121,5,635
CA,,2013,"1,533",343,758,630,628,361,143,178,226,"2,056",93,118,5,"1,035"
CA,,2014,"1,443",334,795,625,659,367,152,227,228,"1,848",94,121,5,507
CA,,2015,"1,458",330,803,629,689,415,157,122,240,"1,999",85,117,5,643
CA,,2016,"1,609",335,799,591,745,414,161,151,235,"1,930",38,141,5,439
CA,,2017,"1,641",382,831,644,722,417,162,48,200,"2,051",79,134,5,340
CA,,2010,"2,039",438,272,380,509,249,123,58,146,491,67,136,27,187
CA,,2011,"1,875",413,267,386,471,242,118,62,157,388,65,134,16,171
CA,,2012,"1,709",383,249,435,470,253,116,63,109,299,65,112,16,168
CA,,2013,"1,727",372,255,534,463,250,123,36,138,179,36,107,10,166
CA,,2014,"1,665",385,260,664,481,243,134,31,122,201,46,102,13,164
CA,,2015,"1,823",410,251,"1,012",492,250,139,28,133,165,40,103,12,160
CA,,2016,"2,053",427,270,"1,105",520,253,154,31,143,105,46,116,13,163
CA,,2017,"2,220",413,247,"1,217",489,237,151,53,113,55,63,101,14,155
CA,,2010,"1,808",582,0,381,494,237,190,29,354,287,45,161,17,177
CA,,2011,"1,627",557,0,370,448,215,155,26,265,306,49,162,13,161
CA,,2012,"1,616",405,0,485,429,198,153,25,191,246,34,134,16,185
CA,,2013,"1,538",394,0,504,439,204,149,24,201,203,34,120,16,164
CA,,2014,"1,615",400,0,474,421,207,168,26,191,216,40,100,15,168
CA,,2015,"1,790",419,0,465,440,216,174,27,215,279,59,114,6,181
CA,,2016,"1,906",413,0,472,461,239,176,47,636,193,39,124,4,208
CA,,2017,"2,057",438,0,443,505,232,170,57,190,178,42,80,1,253
CA,,2010,"1,790",410,0,200,364,157,106,53,183,418,63,147,77,127
CA,,2011,"1,711",399,0,168,356,124,96,47,184,425,58,134,75,78
CA,,2012,"1,639",322,0,246,335,138,104,38,198,418,57,132,70,67
CA,,2013,"1,626",315,0,252,332,143,106,39,178,297,55,147,69,58
CA,,2014,"1,642",379,0,192,331,137,115,44,160,290,54,150,71,58
CA,,2015,"1,783",353,0,196,339,142,121,45,169,355,47,140,74,85
CA,,2016,"1,756",368,0,244,337,142,117,56,199,309,47,134,77,60
CA,,2017,"1,832",277,1,213,328,139,121,46,217,311,56,140,82,51
CA,,2010,"1,285",669,"1,093","1,226",533,323,248,72,326,707,71,116,16,128
CA,,2011,"1,176",609,"1,150","1,140",499,323,221,72,316,686,69,102,18,124
CA,,2012,"1,151",634,"1,124","1,147",495,316,206,91,318,635,55,99,17,153
CA,,2013,"1,068",570,"1,138","1,237",502,330,212,92,343,715,54,100,17,127
CA,,2014,"1,118","1,151","1,142","1,242",484,319,216,86,315,460,59,143,35,141
CA,,2015,"1,279","1,169","1,093","1,874",478,335,242,98,343,496,63,99,11,169
CA,,2016,"1,347","1,580","1,121","1,888",511,350,241,106,360,649,67,106,7,209
CA,,2017,"1,239","1,543","1,352","2,199",601,344,256,125,297,718,69,149,0,396
CA,,2010,"1,723",438,879,292,386,220,204,14,246,308,146,156,56,131
CA,,2011,"1,599",418,838,280,365,201,190,9,189,252,141,146,31,104
CA,,2012,"1,553",362,908,281,346,194,171,30,152,215,40,118,22,139
CA,,2013,"1,535",365,961,277,298,184,175,37,158,184,48,118,22,146
CA,,2014,"1,483",379,851,437,297,181,189,45,196,149,41,98,24,146
CA,,2015,"1,602",408,812,600,306,201,198,57,219,156,46,102,31,156
CA,,2016,"1,691",422,953,642,321,207,213,70,253,199,50,128,31,147
CA,,2017,"1,812",448,934,641,325,199,226,39,231,201,46,129,34,143
CA,,2010,"2,354",316,0,191,462,168,118,23,107,267,37,123,9,73
CA,,2011,"2,390",307,0,187,469,161,113,19,101,226,29,119,8,65
CA,,2012,"2,407",279,0,245,465,173,113,19,98,205,28,95,8,58
CA,,2013,"2,315",275,0,261,439,145,106,15,104,202,27,93,9,59
CA,,2014,"2,195",280,0,240,471,120,91,17,109,185,45,74,32,64
CA,,2015,"2,447",284,0,206,434,127,104,19,99,143,26,74,6,63
CA,,2016,"2,674",293,0,210,460,119,114,22,113,137,19,89,3,76
CA,,2017,"2,632",294,0,197,492,116,119,23,129,172,26,91,2,91
CA,,2010,"2,145",535,331,202,474,204,165,34,225,239,42,145,21,139
CA,,2011,"2,032",518,321,192,419,187,151,30,88,167,38,131,18,105
CA,,2012,"1,946",502,335,199,438,168,148,34,80,166,36,113,18,105
CA,,2013,"1,992",465,329,197,417,121,153,9,79,120,37,108,17,53
CA,,2014,"1,982",482,341,207,407,139,153,26,73,167,38,106,46,100
CA,,2015,"2,131",493,351,225,443,149,157,28,81,68,39,113,37,138
CA,,2016,"2,294",457,399,228,447,153,161,26,82,59,38,111,22,112
CA,,2017,"2,336",420,406,238,489,146,134,16,82,90,29,93,21,97
CO,,2010,"2,173",115,0,55,360,120,66,0,296,105,85,56,37,188
CO,,2011,"2,075",181,0,46,358,119,63,0,295,125,55,53,15,144
CO,,2012,"1,851",176,0,45,355,121,59,0,295,120,54,50,15,161
CO,,2013,"1,792",168,0,58,372,122,59,0,282,116,50,49,13,126
CO,,2014,"1,899",161,0,56,370,119,57,0,279,141,61,49,13,131
CO,,2015,"1,984",117,0,38,347,122,58,0,259,112,93,54,17,91
CO,,2016,"1,970",95,0,40,424,127,59,0,316,200,95,55,15,106
CO,,2017,"2,000",96,0,39,365,129,58,0,324,137,91,59,24,86
CO,,2010,"1,829",78,"1,471",54,366,106,12,0,79,111,133,46,10,40
CO,,2011,"1,637",83,"1,298",51,328,101,10,0,72,86,101,41,13,28
CO,,2012,"1,543",83,"1,292",50,312,102,9,0,59,92,109,41,13,27
CO,,2013,"1,547",84,"1,313",50,301,101,10,0,62,109,110,40,13,34
CO,,2014,"1,596",80,"1,331",47,313,102,9,0,58,100,103,42,12,74
CO,,2015,"1,639",88,1,47,316,117,10,0,48,87,104,46,12,23
CO,,2016,"1,775",91,1,48,333,118,10,0,63,92,98,49,13,51
CO,,2017,"1,686",103,0,43,308,108,0,0,73,84,87,52,11,58
CO,,2010,"1,851",339,"1,141",112,396,205,506,0,424,312,223,90,146,134
CO,,2011,"1,883",309,"1,124",119,363,203,225,0,369,276,156,126,101,129
CO,,2012,"1,719",290,"1,236",166,387,193,237,0,362,404,133,103,79,122
CO,,2013,"1,690",282,"1,197",160,329,197,180,0,270,366,117,110,70,121
CO,,2014,"1,958",262,"1,253",154,353,212,194,0,246,374,115,108,69,119
CO,,2015,"1,997",216,"1,286",165,392,232,183,0,264,451,97,123,75,119
CO,,2016,"1,917",211,"1,265",166,346,187,142,0,244,351,76,112,136,118
CO,,2017,"1,928",195,"1,466",155,340,182,191,0,360,379,106,110,135,115
CT,,2010,"2,472",23,0,33,615,394,0,37,47,579,69,27,85,31
CT,,2011,"2,446",25,0,25,617,400,0,44,47,725,62,26,75,33
CT,,2012,"2,346",24,0,30,673,394,0,1,46,510,58,39,83,34
CT,,2013,"2,586",25,0,23,725,409,0,13,47,528,57,34,84,36
CT,,2014,"2,432",26,0,23,692,400,0,5,48,472,55,34,9,36
CT,,2015,"2,491",35,0,23,676,435,0,5,50,472,57,32,8,34
CT,,2016,"2,779",26,0,21,776,438,0,6,50,490,62,31,9,36
CT,,2017,"2,444",13,0,18,754,443,0,6,48,469,37,35,10,32
CT,,2010,"4,444",130,0,148,545,285,0,0,80,759,51,14,17,90
CT,,2011,"3,762",123,0,144,640,281,0,0,1,857,83,13,31,34
CT,,2012,"3,823",109,0,121,557,220,0,0,13,861,44,15,59,42
CT,,2013,"3,894",0,0,119,483,302,0,0,13,851,34,13,48,39
CT,,2014,"3,591",108,0,114,492,265,0,0,12,932,58,13,23,91
CT,,2015,"3,705",113,0,122,452,277,0,0,181,794,59,15,1,78
CT,,2016,"3,625",113,0,120,510,131,0,0,91,918,135,8,49,66
CT,,2017,"3,353",108,0,116,445,135,0,0,48,865,141,23,12,74
CT,,2010,"3,505",0,0,60,342,276,0,0,84,875,90,16,0,69
CT,,2011,"3,330",0,0,50,318,270,0,7,59,782,87,15,0,34
CT,,2012,"3,470",0,0,23,308,255,0,7,49,828,79,14,0,133
CT,,2013,"2,948",0,0,43,301,252,0,7,50,789,87,15,0,131
CT,,2014,"2,883",0,0,24,289,258,0,7,46,767,90,13,0,120
CT,,2015,"3,053",0,0,25,313,269,0,7,52,747,94,14,0,122
CT,,2016,"3,443",0,0,26,302,241,0,8,41,804,87,17,0,152
CT,,2017,"3,279",0,0,27,317,244,0,7,49,733,62,15,0,119
DC,,2010,"4,719","5,076",286,890,"1,080",419,489,193,442,"1,312",628,227,194,219
DC,,2011,"4,358","5,087",407,712,"1,064",387,462,152,433,"1,188",508,205,73,190
DC,,2012,"4,199","4,935",397,765,971,364,415,144,351,943,360,186,94,206
DC,,2013,"4,287","5,292",388,742,928,361,416,143,344,825,318,190,141,206
DC,,2014,"4,213","5,196",402,633,963,372,231,142,388,994,332,191,167,207
DC,,2015,"4,365","5,563",433,738,913,380,222,151,344,944,411,167,305,184
DC,,2016,"4,297","5,725",408,689,897,417,219,164,497,"1,027",424,200,313,182
DC,,2017,"4,369","5,724",384,578,922,410,229,156,377,"1,117",402,216,316,188
DE,,2010,"1,368",6,0,40,423,28,0,53,36,201,72,1,72,186
DE,,2011,"1,480",5,0,38,409,27,0,51,35,188,61,2,64,322
DE,,2012,"1,901",0,0,40,421,27,0,50,39,165,55,1,58,153
DE,,2013,"1,679",0,0,40,471,26,0,16,35,165,69,1,26,83
DE,,2014,"1,504",2,0,37,492,26,0,16,35,138,70,0,23,96
DE,,2015,"1,407",2,0,37,518,34,0,16,40,129,74,0,24,85
DE,,2016,"1,348",3,0,37,539,31,0,16,38,126,73,0,23,100
DE,,2017,"1,332",3,0,38,534,22,0,10,36,124,73,0,22,95
DE,,2010,"1,911",20,0,29,"1,006",384,0,82,193,654,174,62,27,353
DE,,2011,"1,957",12,0,31,907,368,0,81,168,777,191,62,71,242
DE,,2012,"2,005",0,0,29,900,349,0,77,136,764,206,65,116,171
DE,,2013,"1,955",0,0,30,937,363,0,84,126,567,180,63,92,173
DE,,2014,"2,013",0,0,32,968,349,0,86,134,550,179,59,116,175
DE,,2015,"2,028",0,0,33,"1,000",368,0,86,149,553,179,62,137,175
DE,,2016,"2,120",0,0,34,955,362,0,90,147,558,180,60,140,169
DE,,2017,"2,161",0,0,33,"1,065",410,0,86,155,609,180,61,79,237
FL,,2010,"1,448",87,"1,557",58,895,521,151,72,419,305,165,68,0,83
FL,,2011,"1,290",78,"1,615",57,891,533,135,67,301,329,136,62,5,76
FL,,2012,"1,123",72,"1,542",44,852,507,128,67,324,338,141,58,6,74
FL,,2013,"1,108",66,"1,434",47,872,536,124,64,313,334,133,58,12,67
FL,,2014,"1,142",66,"1,433",47,762,443,121,54,278,236,98,61,43,70
FL,,2015,"1,155",65,"1,554",43,801,436,123,67,264,290,109,55,52,95
FL,,2016,"1,164",66,"1,563",44,788,448,124,84,250,287,100,85,1,113
FL,,2017,"1,191",70,"1,657",45,800,446,113,91,247,120,143,63,1,69
FL,,2010,"1,526",239,828,20,467,373,142,19,193,467,254,83,33,43
FL,,2011,"1,451",217,738,19,440,351,128,18,229,417,251,75,27,36
FL,,2012,"1,320",204,710,16,440,326,128,18,230,423,230,73,22,30
FL,,2013,"1,279",173,600,12,408,316,115,18,182,454,70,81,13,35
FL,,2014,"1,279",174,611,16,399,262,110,4,168,435,60,84,19,26
FL,,2015,"1,283",184,607,13,404,314,120,4,161,387,60,60,12,31
FL,,2016,"1,300",172,585,17,450,339,122,6,195,374,57,55,19,35
FL,,2017,"1,316",180,681,18,446,336,119,7,185,386,57,49,16,34
FL,,2010,"1,635",64,0,63,372,163,91,16,88,99,93,46,16,34
FL,,2011,"1,606",58,0,44,392,213,75,14,114,109,103,38,17,32
FL,,2012,"1,414",56,0,39,384,206,75,13,107,103,89,34,16,29
FL,,2013,"1,392",74,0,25,359,195,65,11,110,109,86,33,19,27
FL,,2014,"1,431",85,0,57,383,162,64,12,110,119,33,30,14,16
FL,,2015,"1,424",64,0,92,403,172,63,13,119,108,94,34,0,31
FL,,2016,"1,435",14,0,92,411,169,61,14,125,101,90,37,0,28
FL,,2017,"1,376",13,0,89,399,178,59,12,130,108,95,45,0,30
FL,,2010,"1,470",239,828,20,679,503,142,14,337,287,347,94,10,62
FL,,2011,"1,387",220,738,19,621,440,128,23,356,270,275,80,9,51
FL,,2012,"1,260",208,710,16,575,378,128,23,446,249,290,76,7,40
FL,,2013,"1,220",177,600,12,545,379,115,26,261,264,129,84,4,60
FL,,2014,"1,216",179,611,16,659,468,110,25,288,253,143,91,4,70
FL,,2015,"1,195",190,607,13,654,418,120,28,256,217,156,65,4,111
FL,,2016,"1,168",178,585,17,685,417,122,30,316,192,153,63,3,117
FL,,2017,"1,147",186,681,18,746,418,119,31,330,187,153,58,3,124
FL,,2010,"1,534",52,0,44,842,583,154,57,347,276,224,68,46,97
FL,,2011,"1,508",56,0,47,745,518,147,48,322,290,228,59,14,93
FL,,2012,"1,424",34,0,77,721,513,129,46,396,242,183,53,15,94
FL,,2013,"1,377",33,0,92,707,496,124,42,397,253,170,52,21,92
FL,,2014,"1,479",10,0,139,701,448,121,42,384,264,185,57,15,78
FL,,2015,"1,514",10,0,47,695,547,123,53,356,225,117,56,15,84
FL,,2016,"1,495",10,0,49,695,517,128,60,416,226,139,56,14,80
FL,,2017,"1,602",10,0,44,712,508,120,71,422,241,141,53,14,278
FL,,2010,"1,538",140,0,124,665,154,134,18,360,174,144,82,34,66
FL,,2011,"1,449",121,0,126,557,173,127,16,291,204,133,66,36,67
FL,,2012,"1,324",119,0,118,604,145,124,19,280,203,127,62,40,45
FL,,2013,"1,253",129,0,117,532,139,113,18,277,192,96,59,25,72
FL,,2014,"1,346",66,0,215,538,135,120,17,269,196,89,61,21,70
FL,,2015,"1,328",77,0,213,528,153,113,19,247,176,101,59,24,31
FL,,2016,"1,333",68,0,206,562,144,131,20,307,164,112,62,6,31
FL,,2017,"1,259",64,0,212,632,143,124,20,279,174,129,55,25,34
FL,,2010,989,18,0,15,425,214,189,33,166,192,109,90,43,57
FL,,2011,960,18,0,17,422,190,187,23,164,202,103,91,52,54
FL,,2012,933,1,0,14,429,212,127,23,137,198,85,69,62,52
FL,,2013,939,9,0,32,406,212,122,23,136,203,64,67,59,50
FL,,2014,900,9,0,86,414,212,124,23,148,167,98,57,51,50
FL,,2015,910,10,0,71,406,214,127,26,158,151,108,55,18,61
FL,,2016,958,10,0,87,412,221,135,26,158,143,96,71,18,56
FL,,2017,890,11,0,82,438,245,133,27,161,142,87,70,20,97
FL,,2010,"1,794",112,0,158,665,328,146,51,198,"1,308",133,93,35,26
FL,,2011,"1,728",102,0,143,661,326,129,29,250,"1,351",137,85,49,28
FL,,2012,"1,598",99,0,123,653,325,123,26,245,"1,426",157,81,55,56
FL,,2013,"1,549",77,0,118,659,317,119,27,235,"1,356",186,74,45,57
FL,,2014,"1,605",71,0,111,630,300,109,30,224,"1,284",224,64,32,41
FL,,2015,"1,702",73,0,98,596,306,107,41,205,"1,249",213,65,44,26
FL,,2016,"1,650",70,0,109,606,313,111,43,208,"1,227",220,60,48,28
FL,,2017,"1,553",31,0,108,578,303,111,39,238,"1,182",221,58,47,30
GA,,2010,"2,444",158,0,50,480,242,187,27,255,769,142,176,95,267
GA,,2011,"2,313",154,0,45,499,230,193,23,214,645,144,166,80,208
GA,,2012,"1,865",137,0,41,482,230,153,17,161,615,87,171,86,121
GA,,2013,"1,911",137,0,36,420,231,144,20,116,602,112,171,86,100
GA,,2014,"1,894",119,0,34,437,224,150,21,117,580,100,176,57,215
GA,,2015,"2,065",68,0,47,456,232,155,17,117,495,85,170,73,123
GA,,2016,"2,090",58,0,46,461,200,148,16,117,442,90,195,76,108
GA,,2017,"1,937",48,0,94,466,188,140,15,122,483,90,189,65,95
GA,,2010,"2,105",91,206,205,294,164,158,18,106,63,52,78,41,95
GA,,2011,"2,022",1,128,187,264,161,156,16,107,60,51,85,69,77
GA,,2012,"2,121",105,35,169,266,147,152,16,76,55,49,82,91,78
GA,,2013,"1,900",185,112,158,262,147,149,16,89,50,48,82,176,76
GA,,2014,"1,791",276,108,151,240,148,144,18,71,45,48,84,43,71
GA,,2015,"1,568",225,111,150,242,145,143,14,64,40,53,84,26,72
GA,,2016,"1,597",186,37,177,339,150,141,7,61,15,56,108,30,28
GA,,2017,"1,879",190,37,174,258,149,140,8,88,22,61,101,27,29
IA,,2010,816,81,0,194,299,145,43,37,105,73,67,37,25,40
IA,,2011,759,83,0,199,307,143,46,36,113,79,65,38,172,46
IA,,2012,800,77,0,187,318,152,50,33,97,60,64,39,128,43
IA,,2013,816,54,0,125,312,150,44,32,394,54,66,35,104,41
IA,,2014,926,46,0,93,327,155,87,33,115,56,68,32,19,46
IA,,2015,866,53,0,91,356,162,46,35,104,52,72,32,18,51
IA,,2016,866,48,0,87,385,159,46,33,103,50,70,33,18,52
IA,,2017,916,47,0,84,390,158,46,34,108,59,71,34,19,52
IA,,2010,"2,118",167,251,82,333,172,78,26,159,172,65,56,28,30
IA,,2011,"2,100",139,281,76,319,171,77,24,171,175,73,58,36,30
IA,,2012,"2,066",113,260,74,336,234,75,27,202,159,77,53,45,31
IA,,2013,"2,093",93,263,34,327,199,72,19,136,171,55,52,58,39
IA,,2014,"2,106",83,280,43,328,183,70,20,109,154,54,50,114,38
IA,,2015,"2,208",85,280,47,329,177,68,20,105,134,55,50,50,39
IA,,2016,"2,264",70,339,52,339,175,67,22,134,99,56,50,60,37
IA,,2017,"2,189",84,368,56,333,178,68,24,75,99,57,50,52,37
ID,,2010,"1,218",17,0,9,394,186,21,31,126,81,71,106,10,78
ID,,2011,"1,065",16,0,11,377,201,20,22,115,79,44,112,7,66
ID,,2012,996,26,0,10,361,204,19,25,120,78,55,113,8,49
ID,,2013,"1,028",23,0,59,362,204,19,14,110,67,63,119,9,76
ID,,2014,"1,015",22,0,57,351,204,18,23,122,78,55,110,7,68
ID,,2015,"1,014",20,0,65,321,211,78,22,157,65,44,108,50,49
ID,,2016,"1,038",17,0,64,329,201,81,23,157,55,28,108,43,60
ID,,2017,"1,054",18,0,71,343,210,91,24,186,60,35,110,48,58
ID,,2010,914,27,0,60,338,156,77,23,180,60,50,67,42,99
ID,,2011,825,27,0,45,324,139,75,17,164,49,49,69,28,74
ID,,2012,770,16,0,49,306,139,83,15,163,24,46,69,45,31
ID,,2013,747,16,0,42,274,136,80,15,161,26,46,70,43,30
ID,,2014,720,17,0,39,255,129,71,14,171,24,41,79,38,31
ID,,2015,765,14,0,7,246,122,72,13,167,22,39,83,41,31
ID,,2016,763,14,0,39,258,130,68,14,175,22,41,86,57,33
ID,,2017,815,15,0,44,266,137,70,15,181,23,42,86,50,67
IL,,2010,"2,016",24,0,35,643,201,29,14,274,100,31,62,23,104
IL,,2011,"1,934",24,0,32,409,217,28,10,252,119,27,61,19,105
IL,,2012,"1,990",23,0,28,375,195,32,10,266,114,30,48,17,93
IL,,2013,"2,035",22,0,26,380,202,33,11,311,94,30,47,12,98
IL,,2014,"2,083",22,0,26,387,211,33,11,255,72,31,46,11,99
IL,,2015,"2,082",17,0,28,401,217,33,11,221,58,27,49,16,114
IL,,2016,"2,270",16,0,28,427,228,33,12,219,41,24,51,19,122
IL,,2017,"2,433",78,0,23,427,232,32,10,257,20,23,46,18,125
IL,,2010,"2,170",92,182,116,553,206,87,12,302,456,73,148,45,40
IL,,2011,"2,227",121,173,117,540,195,92,10,303,463,69,145,56,36
IL,,2012,"2,173",136,170,108,550,193,89,11,276,426,61,150,56,26
IL,,2013,"2,117",111,158,95,565,211,87,10,279,357,64,140,93,26
IL,,2014,"2,269",95,178,87,527,203,85,10,290,389,59,118,102,31
IL,,2015,"2,253",112,222,108,521,229,102,12,288,448,61,133,101,33
IL,,2016,"2,130",113,278,96,543,212,100,10,308,396,65,130,93,29
IL,,2017,"2,022",112,293,94,553,216,95,10,378,417,63,106,97,31
IN,,2010,"1,658",9,0,32,268,149,86,5,120,310,63,62,41,106
IN,,2011,"1,580",1,0,27,251,147,86,5,104,199,50,58,10,110
IN,,2012,"1,491",0,0,17,242,150,62,5,88,144,50,47,13,63
IN,,2013,"1,479",0,0,18,245,162,62,5,113,153,54,47,13,76
IN,,2014,"1,593",0,0,23,257,167,79,5,133,112,62,49,13,52
IN,,2015,"1,515",0,0,22,329,150,68,5,130,135,52,48,13,46
IN,,2016,"1,481",0,0,25,316,149,72,5,154,131,55,49,15,46
IN,,2017,"1,437",0,0,34,302,139,77,5,79,123,47,52,17,79
IN,,2010,"2,533",31,0,72,226,236,50,5,140,492,176,91,24,240
IN,,2011,"2,345",45,0,83,212,176,41,1,80,447,104,82,21,106
IN,,2012,"2,216",0,0,56,208,133,40,0,141,445,80,72,31,282
IN,,2013,"1,703",0,0,47,210,155,39,0,277,420,47,74,32,253
IN,,2014,"1,484",0,0,23,219,202,60,1,80,467,22,92,17,262
IN,,2015,"1,293",0,0,13,216,218,58,6,80,526,56,82,49,140
IN,,2016,"1,309",0,0,14,235,238,62,6,78,547,61,87,52,151
IN,,2017,"1,007",0,0,43,255,163,56,3,134,552,47,94,22,333
IN,,2010,"1,999",17,935,105,279,278,94,0,256,156,77,85,8,26
IN,,2011,"1,891",12,961,235,279,250,102,1,189,147,75,80,9,23
IN,,2012,"1,845",11,"1,023",300,258,210,108,2,434,149,84,78,24,21
IN,,2013,"1,722",9,"1,137",400,233,251,128,16,86,115,79,110,6,11
IN,,2014,"1,625",7,"1,914",382,228,226,136,15,74,109,76,119,6,19
IN,,2015,"1,625",7,"1,263",115,226,238,138,17,77,110,77,121,6,19
IN,,2016,"1,668",6,"1,385",105,235,246,127,20,123,115,41,119,7,39
IN,,2017,"1,739",0,"1,289",118,250,246,151,0,91,0,21,114,0,23
KS,,2010,"2,271",0,103,81,391,327,131,22,65,188,88,115,51,56
KS,,2011,"2,181",0,102,137,255,264,120,22,50,217,90,108,41,48
KS,,2012,"2,017",0,98,74,351,240,138,22,55,202,85,63,45,58
KS,,2013,"2,075",0,88,78,360,246,139,22,48,227,91,89,36,41
KS,,2014,"2,149",0,80,87,364,249,141,23,48,213,97,107,36,49
KS,,2015,"2,353",0,87,82,353,285,128,20,71,174,107,98,36,41
KS,,2016,"2,136",0,90,128,340,356,179,25,52,182,85,85,39,46
KS,,2017,"2,251",0,90,139,342,342,180,25,54,181,87,90,42,54
KS,,2010,"1,609",12,0,101,363,186,116,0,170,112,78,68,22,91
KS,,2011,"1,469",16,0,111,356,171,124,0,174,123,97,68,28,87
KS,,2012,"1,615",15,0,96,360,193,113,0,186,175,89,64,21,66
KS,,2013,"1,461",6,0,92,339,181,117,0,108,136,52,64,19,33
KS,,2014,"1,489",4,0,93,362,201,117,0,105,126,48,55,16,34
KS,,2015,"1,776",5,0,88,385,204,125,0,100,135,48,44,14,34
KS,,2016,"1,746",5,0,83,404,223,123,0,113,131,43,46,15,38
KS,,2017,"1,800",5,0,74,394,206,125,0,115,124,50,61,26,36
KS,,2010,"2,089",15,0,180,258,152,127,25,110,4,85,62,96,29
KS,,2011,"2,200",11,0,159,257,147,128,20,96,9,74,62,39,29
KS,,2012,"1,861",4,0,174,262,149,122,19,95,2,81,70,70,29
KS,,2013,"1,779",4,0,157,263,151,113,18,106,3,80,56,51,21
KS,,2014,"1,763",3,0,142,259,161,109,20,100,3,65,57,59,20
KS,,2015,"1,950",5,0,150,266,155,113,19,101,7,45,61,70,31
KS,,2016,"1,730",5,0,136,262,153,107,19,103,5,43,59,58,32
KS,,2017,"1,742",5,0,130,268,147,115,21,107,5,38,62,61,35
KY,,2010,"1,469",41,0,105,189,178,91,5,81,30,34,12,0,224
KY,,2011,"1,533",34,0,102,183,171,87,5,34,14,15,11,0,422
KY,,2012,"1,520",32,0,56,168,159,86,4,62,17,13,11,0,421
KY,,2013,"1,534",30,0,54,160,152,82,4,59,17,13,11,0,396
KY,,2014,"1,519",26,0,48,171,161,96,12,148,38,13,13,0,332
KY,,2015,"1,466",33,0,50,177,170,125,13,145,33,15,12,0,189
KY,,2016,"1,520",52,0,48,179,199,97,13,165,46,14,7,0,215
KY,,2017,"1,459",34,0,50,188,220,102,14,185,25,14,33,0,284
KY,,2010,"1,550",18,0,72,194,155,74,15,95,80,57,11,0,108
KY,,2011,"1,556",32,0,73,169,110,71,12,58,117,61,11,0,119
KY,,2012,"1,658",17,0,49,237,152,71,16,84,95,58,10,0,71
KY,,2013,"1,586",21,0,47,163,143,68,15,80,89,56,10,0,68
KY,,2014,"1,531",27,0,126,254,128,86,18,75,53,44,10,0,58
KY,,2015,"1,532",22,0,158,256,80,84,9,72,61,88,10,0,59
KY,,2016,"1,536",26,0,164,256,123,85,13,79,61,82,11,0,63
KY,,2017,"1,595",24,0,158,266,82,89,13,82,73,80,13,0,76
LA,,2010,"1,507",10,175,76,333,196,92,22,221,124,56,306,33,26
LA,,2011,"1,622",13,151,70,312,218,88,24,208,151,56,246,28,24
LA,,2012,"1,604",5,170,82,322,191,96,25,201,151,75,195,28,31
LA,,2013,"1,413",5,184,84,349,200,102,23,166,151,57,126,24,23
LA,,2014,"1,437",5,186,91,356,195,98,11,145,140,59,125,24,24
LA,,2015,"1,494",8,179,92,323,194,100,11,158,131,81,105,24,40
LA,,2016,"1,390",12,210,108,354,206,131,12,159,145,72,106,24,43
LA,,2017,"1,417",13,216,111,365,212,135,12,194,150,74,109,25,44
LA,,2010,598,7,0,63,477,240,223,19,215,"1,134",185,150,29,235
LA,,2011,596,7,52,53,413,277,278,16,209,971,189,103,23,184
LA,,2012,745,0,4,32,425,264,390,16,261,945,135,138,49,183
LA,,2013,641,0,54,83,403,263,442,24,286,814,152,117,56,163
LA,,2014,761,3,150,85,375,255,453,22,307,793,133,102,59,276
LA,,2015,733,8,172,78,429,247,229,14,257,860,134,81,17,165
LA,,2016,683,7,85,74,358,270,223,12,222,706,122,87,19,154
LA,,2017,545,0,116,0,220,269,0,0,212,654,123,55,0,155
LA,,2010,"2,380",0,63,12,356,295,221,33,149,159,52,63,36,41
LA,,2011,"2,260",0,63,12,377,296,212,31,148,137,54,64,31,42
LA,,2012,"2,350",0,65,12,390,306,221,31,169,129,61,61,40,38
LA,,2013,"2,117",0,82,16,392,331,219,33,194,145,59,79,16,27
LA,,2014,"2,069",0,90,0,380,307,230,33,177,73,34,69,16,40
LA,,2015,"2,150",0,147,13,431,325,239,35,193,79,38,72,18,41
LA,,2016,"2,129",0,104,13,425,327,245,36,192,115,57,76,19,44
LA,,2017,"2,192",0,105,14,444,341,256,38,201,119,60,79,20,45
MA,,2010,"2,006",10,344,18,563,281,127,29,92,862,72,9,146,22
MA,,2011,"1,887",9,452,19,542,314,0,28,95,844,66,9,137,21
MA,,2012,"1,936",9,444,25,535,316,0,28,112,911,69,9,111,20
MA,,2013,"1,833",8,400,26,525,309,0,28,122,780,75,9,161,21
MA,,2014,"1,995",7,374,23,556,297,0,28,110,730,74,9,188,21
MA,,2015,"2,080",7,399,29,542,362,0,27,130,664,80,9,83,21
MA,,2016,"2,074",6,405,27,571,329,0,29,127,705,81,9,54,22
MA,,2017,"2,116",5,392,26,552,323,0,29,138,674,78,8,56,23
MA,,2010,"2,970",12,0,10,269,133,0,21,87,340,93,10,138,15
MA,,2011,"3,350",18,0,10,267,133,0,21,89,348,83,11,121,17
MA,,2012,"3,206",21,0,9,266,131,0,21,57,369,73,10,48,14
MA,,2013,"3,341",24,0,9,253,129,0,21,68,377,62,6,30,15
MA,,2014,"3,277",22,0,9,260,127,0,22,58,414,58,10,21,18
MA,,2015,"3,272",20,0,8,273,135,0,22,61,232,57,11,74,18
MA,,2016,"2,945",16,0,10,278,132,0,23,66,238,63,11,71,18
MA,,2017,"2,938",13,0,9,287,133,0,23,57,378,58,11,159,18
MA,,2010,"1,994",0,0,0,242,206,0,29,28,396,19,6,17,21
MA,,2011,"1,970",0,0,1,233,190,0,26,28,369,21,5,10,23
MA,,2012,"2,241",0,0,1,241,188,0,26,30,357,21,5,5,25
MA,,2013,"2,222",0,0,2,243,190,0,30,28,330,22,6,9,30
MA,,2014,"2,210",0,0,2,249,186,0,30,29,321,21,5,15,35
MA,,2015,"2,164",12,0,15,248,191,0,19,31,317,23,6,32,26
MA,,2016,"2,249",11,0,15,265,187,0,20,42,358,22,5,56,27
MA,,2017,"2,290",12,0,17,258,211,0,20,34,390,19,6,202,27
MD,,2010,"2,221",1,0,301,609,252,0,9,105,817,42,104,42,108
MD,,2011,"2,338",0,0,234,627,261,0,15,84,798,51,92,0,184
MD,,2012,"2,339",0,0,207,639,265,0,12,101,729,51,84,0,229
MD,,2013,"2,217",0,0,227,692,324,0,14,137,577,79,90,0,233
MD,,2014,"2,250",0,0,211,682,359,0,41,88,754,81,97,23,199
MD,,2015,"2,259",0,0,212,792,321,0,27,98,713,79,79,8,322
MD,,2016,"2,103",0,0,193,810,332,0,29,61,667,66,85,0,425
MD,,2017,"2,226",0,0,189,807,361,0,29,60,683,67,84,0,359
MD,,2010,"3,053",237,0,33,539,214,74,35,205,234,104,47,32,108
MD,,2011,"2,586",124,0,35,537,192,65,31,204,231,87,45,28,70
MD,,2012,"2,603",155,0,34,527,200,68,29,190,218,94,45,61,125
MD,,2013,"2,530",30,0,33,545,209,78,34,163,217,98,45,59,129
MD,,2014,"2,571",32,0,58,547,204,71,35,179,213,98,46,65,111
MD,,2015,"2,531",27,0,60,539,231,74,37,200,221,103,58,62,79
MD,,2016,"2,632",21,0,59,544,228,73,33,292,233,103,58,61,80
MD,,2017,"2,679",0,0,140,547,238,79,31,156,240,106,58,59,77
ME,,2010,"1,702",33,0,0,194,186,39,10,23,380,34,11,167,45
ME,,2011,"1,710",32,0,1,197,168,38,11,21,373,44,12,143,27
ME,,2012,"1,655",30,0,1,206,167,43,11,21,422,31,11,132,28
ME,,2013,"1,658",26,0,2,205,172,57,11,23,412,32,9,16,26
ME,,2014,"1,734",26,0,2,197,183,56,12,39,378,32,10,15,27
ME,,2015,"1,796",27,0,0,196,181,41,12,0,334,18,9,16,28
ME,,2016,"1,855",26,0,3,195,176,41,12,36,358,43,8,16,28
ME,,2017,"2,010",30,0,0,194,199,44,14,22,395,48,10,32,30
ME,,2010,"1,895",426,0,125,264,253,70,0,112,570,77,15,85,78
ME,,2011,"1,965",412,0,78,271,222,59,0,108,547,64,14,45,83
ME,,2012,"1,753",412,0,70,244,226,66,0,108,519,66,12,48,82
ME,,2013,"1,747",407,0,69,246,223,66,0,120,496,65,15,48,81
ME,,2014,"1,758",564,0,60,285,258,66,4,230,531,33,16,46,58
ME,,2015,"1,618",590,0,60,261,253,64,4,153,415,27,10,32,58
ME,,2016,"1,638",506,0,85,273,253,85,0,150,497,29,20,9,54
ME,,2017,"1,700",548,0,94,286,279,66,0,139,567,32,18,7,56
MI,,2010,"2,050",286,10,178,558,225,169,46,98,74,89,202,50,73
MI,,2011,"2,190",268,13,151,604,232,165,43,89,123,91,246,44,72
MI,,2012,"1,845",259,15,151,582,232,163,38,117,90,72,238,30,67
MI,,2013,"1,229",263,17,75,739,193,171,31,133,236,75,235,29,54
MI,,2014,"1,143",264,18,102,455,167,175,29,152,217,63,227,40,51
MI,,2015,"1,120",242,14,85,432,169,138,25,265,224,110,226,38,63
MI,,2016,"1,133",283,10,71,420,173,137,27,362,177,123,233,19,67
MI,,2017,"1,107",282,12,93,421,153,124,29,876,176,158,210,0,82
MI,,2010,"2,073",57,"3,858",448,326,154,35,71,85,170,74,109,0,55
MI,,2011,"1,876",70,"3,981",455,293,155,34,56,80,229,67,101,0,50
MI,,2012,"1,636",57,"4,054",496,265,160,33,74,72,253,61,146,0,52
MI,,2013,"1,457",39,"3,859",407,290,160,39,53,97,235,66,142,0,37
MI,,2014,"1,235",30,"3,718",412,286,147,41,27,51,194,69,144,0,32
MI,,2015,997,32,"3,975",411,248,145,44,17,32,191,70,145,0,41
MI,,2016,869,34,"4,327",428,235,144,44,19,26,160,69,118,8,38
MI,,2017,868,85,"4,432",372,297,93,60,36,32,96,64,95,8,32
MI,,2010,"1,532",69,0,279,341,138,67,16,95,254,78,144,19,33
MI,,2011,"1,436",74,0,278,344,142,58,17,76,275,51,140,3,36
MI,,2012,"1,406",72,0,287,317,166,59,15,72,305,50,152,3,39
MI,,2013,"1,378",54,0,282,302,165,58,14,72,247,47,148,3,34
MI,,2014,"1,300",49,0,273,288,170,57,15,63,222,46,132,3,35
MI,,2015,"1,287",52,0,283,307,155,56,15,80,229,48,121,4,32
MI,,2016,"1,277",55,0,280,305,150,54,18,86,255,35,130,3,33
MI,,2017,"1,275",43,0,282,322,147,58,18,88,197,77,158,24,56
MI,,2010,"2,065",66,0,327,402,196,26,22,69,45,61,103,33,41
MI,,2011,"2,021",61,0,329,362,170,41,21,63,67,57,96,30,41
MI,,2012,"1,963",59,0,331,319,157,39,22,60,52,55,102,28,39
MI,,2013,"1,839",57,0,319,319,171,36,21,54,48,54,97,26,35
MI,,2014,"1,661",52,0,294,351,152,35,22,55,48,51,101,30,33
MI,,2015,"1,609",51,0,330,357,164,42,25,60,35,51,104,32,36
MI,,2016,"1,569",52,0,376,352,166,34,27,54,34,53,106,32,35
MI,,2017,"1,654",48,0,359,364,177,37,26,52,29,53,106,32,33
MN,,2010,"1,752",429,515,355,515,154,96,50,677,684,107,92,71,94
MN,,2011,"1,776",401,491,389,512,153,94,51,436,769,102,106,89,109
MN,,2012,"1,763",187,513,373,482,145,87,44,286,741,108,83,63,82
MN,,2013,"1,797",181,659,350,451,141,85,53,277,683,111,81,55,80
MN,,2014,"1,693",188,692,379,457,141,83,57,417,717,114,79,54,86
MN,,2015,"1,898",186,683,388,512,147,83,63,413,612,108,80,42,44
MN,,2016,"1,957",193,762,387,504,152,85,64,421,781,106,77,42,90
MN,,2017,"1,828",205,822,420,478,150,85,68,316,778,117,79,43,84
MN,,2010,"2,434",393,0,116,478,246,138,33,299,132,91,146,19,50
MN,,2011,"2,353",353,0,131,490,222,128,31,292,171,86,140,8,56
MN,,2012,"2,298",367,0,140,446,205,127,63,323,186,87,139,33,37
MN,,2013,"2,301",331,0,146,443,205,124,55,315,188,89,133,5,36
MN,,2014,"2,353",357,0,121,424,175,122,46,164,273,52,132,26,38
MN,,2015,"2,400",353,0,122,420,191,123,54,252,266,48,136,42,38
MN,,2016,"2,395",361,0,130,439,207,124,59,254,289,57,134,38,41
MN,,2017,"2,372",381,0,133,469,209,130,61,303,456,39,134,16,196
MO,,2010,"1,871",13,181,175,510,247,32,26,499,249,60,83,52,81
MO,,2011,"1,661",11,117,136,577,326,27,22,311,327,53,80,79,72
MO,,2012,"1,512",14,98,151,507,286,27,21,172,258,45,81,76,104
MO,,2013,"1,529",15,88,148,498,322,28,14,166,250,71,86,61,121
MO,,2014,"1,568",22,81,149,524,378,26,5,192,239,65,98,58,119
MO,,2015,"1,594",21,87,148,529,337,30,0,185,311,49,90,56,118
MO,,2016,"1,627",22,91,148,537,408,27,0,171,281,54,85,8,121
MO,,2017,"1,620",25,90,146,522,321,27,0,197,275,60,89,11,125
MO,,2010,"1,520",0,0,92,733,198,201,26,213,366,112,162,32,44
MO,,2011,"1,320",0,0,63,773,232,165,25,206,376,99,103,31,33
MO,,2012,"1,309",0,0,132,471,234,170,26,204,382,97,76,30,64
MO,,2013,"1,438",0,0,174,455,236,218,24,208,334,75,171,33,62
MO,,2014,"1,351",0,0,161,573,241,172,25,222,315,71,169,45,40
MO,,2015,"1,335",0,0,175,584,223,171,26,182,292,73,146,53,43
MO,,2016,"1,264",0,0,184,593,217,171,26,190,279,67,136,47,43
MO,,2017,"1,195",0,0,183,610,234,174,27,155,317,72,158,49,44
MS,,2010,"1,554",12,"5,366",34,508,237,170,0,538,519,106,85,51,85
MS,,2011,"1,320",10,"5,592",37,465,191,145,0,320,440,88,74,44,72
MS,,2012,"1,320",9,"5,680",32,446,187,132,0,271,398,84,71,43,69
MS,,2013,"1,519",9,"5,622",32,357,188,104,0,171,343,79,70,43,68
MS,,2014,"1,339",8,"5,579",30,317,177,99,0,136,321,82,70,42,67
MS,,2015,"1,387",10,"6,300",30,347,186,83,0,118,291,83,70,43,67
MS,,2016,"1,674",10,"6,726",27,339,182,81,0,120,258,85,69,41,64
MS,,2017,"1,561",10,"6,714",23,332,177,78,0,167,247,96,68,41,63
MS,,2010,"2,265",11,0,34,252,139,111,14,154,52,53,65,41,77
MS,,2011,"2,049",10,0,37,250,139,99,13,80,60,33,59,36,84
MS,,2012,"1,818",12,0,32,244,131,93,13,82,70,37,61,30,88
MS,,2013,"1,697",16,0,31,234,124,83,11,96,64,44,52,29,86
MS,,2014,"1,636",16,0,55,258,149,91,12,95,63,27,55,58,74
MS,,2015,"1,701",16,0,57,266,126,89,12,130,67,47,57,33,83
MS,,2016,"1,723",16,0,64,252,129,87,6,106,62,49,58,33,54
MS,,2017,"1,679",16,0,69,256,132,90,6,98,54,22,60,30,53
MT,,2010,"1,223",9,0,252,321,168,79,20,110,165,31,71,25,64
MT,,2011,"1,226",9,0,271,305,161,72,18,55,125,25,58,21,46
MT,,2012,"1,217",9,0,255,257,154,70,14,46,106,25,51,20,43
MT,,2013,"1,323",13,0,262,254,154,75,14,97,106,26,48,22,26
MT,,2014,"1,341",9,0,270,270,161,76,19,74,98,31,67,18,31
MT,,2015,"1,560",9,0,293,268,155,78,21,73,134,28,71,17,65
MT,,2016,"1,475",8,0,281,260,177,81,17,76,135,25,69,15,61
MT,,2017,"1,359",12,0,320,278,174,81,18,63,126,26,52,29,32
MT,,2010,999,19,0,137,283,154,87,18,120,238,51,66,16,113
MT,,2011,979,25,0,157,297,148,89,18,103,182,28,63,16,119
MT,,2012,952,27,0,166,311,153,92,26,108,206,31,70,16,136
MT,,2013,928,25,0,236,332,150,97,23,111,196,34,72,33,128
MT,,2014,957,28,0,282,311,177,105,21,82,250,23,78,19,148
MT,,2015,939,28,0,246,312,198,117,25,138,240,23,78,25,141
MT,,2016,"1,367",24,0,257,319,189,93,27,218,223,23,75,23,149
MT,,2017,"1,227",25,0,303,340,205,104,29,290,225,26,80,20,154
Median for Core FiSCs,,2010,"1,829",69,0,107,375,197,96,18,165,209,65,82,34,73
Median for Core FiSCs,,2011,"1,788",62,0,111,363,198,89,18,158,229,58,74,30,65
Median for Core FiSCs,,2012,"1,710",59,0,97,369,191,88,17,141,206,56,70,34,67
Median for Core FiSCs,,2013,"1,661",49,0,92,360,194,85,17,139,203,56,72,30,68
Median for Core FiSCs,,2014,"1,628",52,0,93,360,199,87,17,139,197,56,73,29,65
Median for Core FiSCs,,2015,"1,702",51,0,92,368,195,84,16,149,190,57,71,30,65
Median for Core FiSCs,,2016,"1,739",50,0,96,378,197,85,17,147,171,56,78,24,71
Median for Core FiSCs,,2017,"1,745",47,0,100,374,199,89,16,151,173,58,79,26,74
NC,,2010,"1,947",193,"2,057",205,324,155,137,0,268,186,25,16,31,101
NC,,2011,"1,634",168,"2,074",181,319,146,125,0,69,207,24,12,16,88
NC,,2012,"1,501",155,"2,455",118,395,154,117,0,89,298,42,18,23,104
NC,,2013,"1,588",159,"2,562",209,409,160,118,0,164,320,42,23,13,115
NC,,2014,"1,605",146,"2,560",102,435,153,109,0,178,278,52,16,28,124
NC,,2015,"1,675",165,"2,675",149,433,158,123,0,166,268,62,15,52,118
NC,,2016,"1,624",158,"2,813",155,417,155,108,0,221,218,62,16,40,77
NC,,2017,"1,653",157,"2,714",152,431,159,111,0,216,232,65,15,68,77
NC,,2010,"1,674",245,0,242,318,149,57,16,179,283,72,15,112,117
NC,,2011,"1,724",228,0,238,309,134,56,14,140,128,73,15,262,102
NC,,2012,"1,633",215,0,237,380,135,55,14,99,174,59,15,211,124
NC,,2013,"1,536",213,0,161,412,135,57,14,105,306,82,15,146,100
NC,,2014,"1,449",207,0,141,361,137,55,15,87,258,55,14,82,119
NC,,2015,"1,471",215,0,151,368,138,54,14,73,239,55,15,100,132
NC,,2016,"1,420",213,0,159,354,128,56,18,72,249,54,16,82,137
NC,,2017,"1,377",201,0,156,427,131,55,19,79,269,59,16,83,124
NC,,2010,"1,920",179,0,212,382,209,107,21,205,188,34,10,20,63
NC,,2011,"1,877",187,0,202,363,209,170,20,277,190,34,10,21,61
NC,,2012,"1,842",168,0,185,375,169,101,18,292,241,43,11,30,104
NC,,2013,"1,785",163,0,144,369,172,78,17,242,249,44,11,50,69
NC,,2014,"1,780",159,0,98,358,184,68,17,258,223,54,9,48,53
NC,,2015,"1,677",162,0,98,354,173,71,18,210,220,51,9,53,54
NC,,2016,"1,593",167,0,98,355,174,69,19,167,216,49,11,54,56
NC,,2017,"1,705",174,0,100,351,178,65,19,220,200,46,10,61,49
NC,,2010,"1,731",122,0,183,286,172,76,29,280,161,47,44,106,57
NC,,2011,"1,656",116,0,159,270,164,107,23,266,154,46,87,74,57
NC,,2012,"1,616",116,0,148,320,138,81,19,332,205,36,61,47,62
NC,,2013,"1,603",115,0,118,302,133,42,17,252,208,33,42,39,62
NC,,2014,"1,571",114,0,81,296,132,40,17,245,207,28,18,135,63
NC,,2015,"1,708",122,0,83,358,138,42,25,237,160,33,13,129,64
NC,,2016,"1,850",118,0,89,359,133,45,32,332,135,33,11,39,91
NC,,2017,"1,854",120,0,83,281,143,46,32,213,148,23,10,43,77
ND,,2010,"1,338",76,0,49,257,91,18,17,343,136,59,33,64,72
ND,,2011,"1,196",79,0,61,235,122,11,18,298,121,54,32,58,65
ND,,2012,"1,171",67,0,58,274,104,11,20,315,115,54,32,30,71
ND,,2013,"1,319",68,0,59,270,93,12,18,364,99,55,37,31,79
ND,,2014,"1,552",71,0,43,253,90,11,19,349,91,52,29,29,80
ND,,2015,"1,651",76,0,41,259,110,28,16,484,89,55,32,28,88
ND,,2016,"1,424",88,0,38,226,105,251,15,361,91,60,33,28,87
ND,,2017,"1,350",74,0,46,290,172,364,13,389,84,63,40,41,83
ND,,2010,"1,623",168,0,6,332,0,56,0,219,138,22,17,24,11
ND,,2011,"1,577",171,0,17,313,0,56,0,239,138,74,17,25,35
ND,,2012,"1,475",81,0,98,181,87,63,16,344,124,75,17,60,93
ND,,2013,"1,440",82,0,93,174,87,64,15,350,123,71,17,60,86
ND,,2014,"1,482",84,0,93,181,95,64,16,364,113,67,18,20,75
ND,,2015,"1,626",87,0,91,189,99,68,18,416,127,70,18,23,79
ND,,2016,"1,586",86,0,94,220,99,70,19,381,115,77,17,19,91
ND,,2017,"1,548",73,0,95,227,103,73,21,420,110,57,33,23,42
NE,,2010,"1,810",79,0,131,186,91,111,22,88,119,27,119,19,77
NE,,2011,"1,726",92,0,125,174,88,84,21,61,151,38,81,6,60
NE,,2012,"1,709",39,0,85,183,93,94,23,51,145,49,89,27,66
NE,,2013,"1,630",47,0,95,183,92,104,48,60,137,50,61,10,31
NE,,2014,"1,593",47,0,129,177,89,106,21,83,134,49,62,11,30
NE,,2015,"1,737",51,0,115,181,91,107,22,67,119,50,62,10,31
NE,,2016,"1,972",50,0,124,184,92,109,21,65,116,49,62,10,31
NE,,2017,"1,843",55,0,123,187,93,108,46,61,121,49,63,13,31
NE,,2010,"1,796",16,101,57,274,176,84,10,184,177,50,61,34,47
NE,,2011,"1,603",25,90,48,245,149,79,0,217,142,27,56,46,34
NE,,2012,"1,691",29,83,31,297,165,81,0,184,129,38,54,36,34
NE,,2013,"1,657",22,79,27,300,155,78,0,69,116,52,53,21,35
NE,,2014,"1,649",21,79,27,296,161,79,0,77,115,52,53,28,34
NE,,2015,"1,716",20,78,27,310,166,78,0,68,109,52,52,25,37
NE,,2016,"1,854",21,86,29,320,165,85,0,74,114,56,58,21,42
NE,,2017,"2,016",21,90,31,313,170,89,0,66,113,45,60,40,41
NH,,2010,"1,668",80,0,45,262,195,42,0,55,321,41,19,66,34
NH,,2011,"1,663",79,0,43,235,203,41,0,52,308,40,18,66,34
NH,,2012,"1,685",81,0,54,309,274,39,27,57,321,40,17,75,26
NH,,2013,"1,605",74,0,51,306,264,36,26,48,336,79,12,154,33
NH,,2014,"1,584",76,0,25,313,278,36,0,87,280,68,11,78,47
NH,,2015,"1,595",75,0,26,225,183,40,0,102,258,32,22,63,43
NH,,2016,"1,605",83,0,25,258,180,40,0,104,305,32,22,62,43
NH,,2017,"1,567",89,0,24,219,176,42,0,59,277,32,22,62,45
NH,,2010,"1,782",85,0,28,260,183,42,8,36,233,58,16,10,115
NH,,2011,"1,806",83,0,27,268,188,41,8,37,220,46,15,9,121
NH,,2012,"1,828",80,0,10,228,171,39,8,33,179,47,13,6,277
NH,,2013,"1,768",75,0,18,231,182,36,10,37,192,28,16,23,125
NH,,2014,"1,838",76,0,22,338,276,36,5,55,250,37,17,12,77
NH,,2015,"1,891",80,0,27,366,315,40,0,51,208,70,18,6,24
NH,,2016,"1,928",97,0,15,364,296,40,0,46,214,67,18,8,28
NH,,2017,"1,823",92,0,12,338,286,42,0,71,186,99,16,8,39
NM,,2010,"1,736",79,0,76,444,172,131,2,237,98,60,14,67,63
NM,,2011,"1,521",66,0,74,411,164,126,0,225,87,58,14,40,62
NM,,2012,"1,421",69,0,82,388,173,124,0,246,93,54,13,56,61
NM,,2013,"1,347",49,0,63,377,181,122,0,225,109,51,12,39,102
NM,,2014,"1,323",65,0,58,361,174,118,0,204,98,59,12,52,96
NM,,2015,"1,445",78,0,54,379,180,108,0,204,90,59,13,55,95
NM,,2016,"1,417",76,0,59,379,179,106,0,200,91,77,14,47,88
NM,,2017,"1,387",70,0,65,376,177,96,0,201,32,62,14,71,92
NM,,2010,"1,373",66,0,63,376,139,129,0,116,101,62,45,61,113
NM,,2011,"1,501",47,0,30,296,122,131,8,63,47,31,9,120,65
NM,,2012,"1,303",67,0,48,377,136,122,0,109,143,90,11,68,130
NM,,2013,"1,254",64,0,46,353,135,117,0,141,67,100,12,109,78
NM,,2014,"1,191",66,0,47,371,134,119,0,95,22,72,40,80,131
NM,,2015,"1,279",67,0,48,375,135,121,0,96,21,73,10,80,96
NM,,2016,"1,202",66,0,47,356,154,118,0,63,21,62,10,132,100
NM,,2017,"1,231",76,0,53,361,17,136,0,67,26,65,11,30,104
NV,,2010,"1,730",165,387,54,386,315,202,47,590,98,78,168,114,110
NV,,2011,"1,664",145,364,57,358,293,222,39,478,88,57,165,191,111
NV,,2012,"1,537",137,367,53,340,305,220,38,283,128,49,160,182,106
NV,,2013,"1,495",132,316,51,327,296,206,36,240,138,47,157,120,88
NV,,2014,"1,463",127,306,46,331,307,217,36,245,120,37,154,85,95
NV,,2015,"1,487",130,288,50,330,329,210,41,331,132,31,155,95,94
NV,,2016,"1,537",120,280,53,337,320,214,38,255,115,35,154,86,85
NV,,2017,"1,666",120,313,46,351,294,220,40,233,108,33,149,85,89
NV,,2010,"1,593",176,0,55,432,324,166,23,238,337,42,200,40,54
NV,,2011,"1,490",172,0,50,438,289,147,3,213,326,51,194,18,75
NV,,2012,"1,464",175,0,44,344,275,149,18,194,353,49,191,16,101
NV,,2013,"1,433",158,0,44,373,247,151,20,183,279,46,187,16,104
NV,,2014,"1,361",192,0,55,360,265,138,21,174,298,31,181,12,97
NV,,2015,"1,435",189,0,61,369,259,145,27,154,265,42,177,9,102
NV,,2016,"1,429",206,0,54,384,263,155,38,180,254,46,188,4,101
NV,,2017,"1,439",209,0,60,389,254,167,44,212,243,47,199,0,119
NY,,2010,"3,901",427,542,182,378,267,106,46,57,242,34,46,75,108
NY,,2011,"3,899",391,531,175,369,240,119,24,70,553,36,51,71,93
NY,,2012,"3,817",350,533,154,356,242,119,22,68,453,32,58,72,98
NY,,2013,"3,637",364,495,150,363,232,125,22,87,401,31,50,80,102
NY,,2014,"3,491",366,493,147,361,242,127,26,83,6,32,48,74,114
NY,,2015,"3,504",404,534,148,373,252,127,20,123,5,35,50,70,149
NY,,2016,"3,496",397,572,149,385,244,132,21,88,4,42,56,55,107
NY,,2017,"3,709",383,633,154,405,262,128,22,100,5,40,59,61,123
NY,,2010,"3,157",973,890,196,658,247,199,37,178,584,102,85,113,30
NY,,2011,"2,988",908,891,194,660,246,203,33,179,585,83,78,96,33
NY,,2012,"2,915",873,916,173,655,238,194,33,139,610,59,89,97,30
NY,,2013,"3,259",845,931,162,655,246,203,37,154,598,57,93,116,31
NY,,2014,"3,501",805,910,167,639,247,201,35,134,584,59,82,125,30
NY,,2015,"3,522",860,896,153,646,243,200,37,145,577,62,90,93,33
NY,,2016,"3,693",910,"1,056",155,659,253,216,41,139,614,64,90,89,35
NY,,2017,"3,785",971,"1,047",145,672,254,222,44,152,687,67,94,79,37
NY,,2010,"3,888",462,93,173,505,245,143,27,94,82,44,68,35,79
NY,,2011,"3,766",457,93,168,528,239,144,39,118,440,42,65,34,47
NY,,2012,"3,693",433,93,168,505,233,138,37,113,440,36,63,30,59
NY,,2013,"4,147",420,95,169,513,238,141,34,94,464,37,63,31,57
NY,,2014,"4,444",422,93,163,519,241,137,29,94,128,37,65,78,45
NY,,2015,"4,192",420,95,167,521,244,139,28,97,142,38,58,78,52
NY,,2016,"4,331",395,97,179,527,246,143,28,110,70,40,61,73,53
NY,,2017,"4,398",376,99,186,543,253,142,29,107,63,37,60,72,52
NY,,2010,"3,477",475,0,261,455,236,172,34,109,70,42,68,77,54
NY,,2011,"3,473",470,0,249,427,236,166,38,117,483,41,64,78,51
NY,,2012,"3,727",500,0,220,414,230,171,32,101,465,40,63,74,51
NY,,2013,"3,500",498,0,220,420,223,179,32,96,476,40,67,83,50
NY,,2014,"3,261",493,0,214,423,216,181,30,121,48,41,68,79,51
NY,,2015,"3,440",402,0,208,448,240,188,34,124,49,50,66,84,56
NY,,2016,"3,444",400,0,203,437,231,189,33,237,69,49,70,69,54
NY,,2017,"3,495",417,0,205,421,251,196,30,139,61,52,68,73,49
NY,,2010,"3,294",364,"1,046",342,523,335,181,17,147,55,42,133,105,102
NY,,2011,"3,144",337,"1,017",318,500,297,184,14,160,61,29,129,104,90
NY,,2012,"2,950",311,957,289,494,300,173,13,120,47,27,115,78,69
NY,,2013,"2,982",293,942,271,473,307,172,13,141,26,39,117,91,89
NY,,2014,"3,152",264,953,187,462,296,167,14,109,139,61,110,14,84
NY,,2015,"3,193",255,"1,121",184,511,300,162,14,103,140,79,115,38,73
NY,,2016,"3,211",255,"1,274",183,522,330,161,14,106,139,113,117,38,75
NY,,2017,"3,213",244,"1,455",177,530,340,150,15,109,137,70,104,45,75
OH,,2010,"2,469",276,0,432,425,236,79,6,69,197,123,145,7,130
OH,,2011,"2,346",324,0,260,419,214,70,5,55,326,125,155,130,25
OH,,2012,"2,195",191,0,311,239,138,112,6,85,239,101,119,35,33
OH,,2013,"2,136",187,0,292,218,137,144,6,77,215,102,105,25,125
OH,,2014,"2,056",182,0,296,313,185,143,5,74,235,135,123,48,41
OH,,2015,"2,105",187,0,240,350,254,146,5,61,319,117,128,45,112
OH,,2016,"2,215",196,0,236,330,245,143,5,84,263,119,126,30,145
OH,,2017,"2,189",202,0,234,341,255,145,5,92,267,109,126,30,177
OH,,2010,"2,310",491,0,432,566,306,44,0,309,354,81,125,174,248
OH,,2011,"2,234",322,0,492,508,248,43,0,356,375,112,173,95,152
OH,,2012,"2,287",257,0,462,528,271,43,0,219,322,90,160,69,160
OH,,2013,"1,964",262,0,415,526,266,43,0,173,318,77,142,67,122
OH,,2014,"1,817",224,0,435,545,354,39,25,316,347,118,152,80,54
OH,,2015,"1,936",257,0,329,596,333,41,23,298,233,33,149,125,51
OH,,2016,"1,874",315,0,295,672,342,43,24,292,232,50,173,124,55
OH,,2017,"1,983",295,0,314,618,355,38,25,307,229,34,155,122,46
OH,,2010,"2,587",421,633,465,535,266,116,1,244,434,62,320,2,107
OH,,2011,"2,368",329,668,433,518,250,114,1,196,435,59,309,1,137
OH,,2012,"2,204",258,609,437,511,244,107,1,175,452,53,287,1,70
OH,,2013,"2,206",244,613,384,514,231,109,0,179,393,58,276,0,49
OH,,2014,"2,367",225,669,325,512,230,109,0,173,330,66,273,0,62
OH,,2015,"2,420",233,704,328,512,230,107,0,182,340,67,290,0,61
OH,,2016,"2,374",241,755,358,526,233,110,35,187,527,71,279,0,54
OH,,2017,"2,423",220,888,327,720,226,99,37,202,431,73,340,0,75
OH,,2010,"1,926",372,0,407,377,235,62,15,194,639,82,144,116,74
OH,,2011,"1,858",472,0,186,363,233,60,11,185,642,70,148,82,55
OH,,2012,"1,867",347,0,194,383,253,60,22,240,659,58,147,49,68
OH,,2013,"1,797",325,0,103,386,237,59,22,243,649,70,138,36,50
OH,,2014,"1,755",395,0,118,421,296,54,20,267,648,80,167,44,41
OH,,2015,"1,805",414,0,321,417,255,53,10,240,622,65,169,42,74
OH,,2016,"1,873",491,0,314,433,276,53,9,256,628,52,150,36,66
OH,,2017,"1,870",538,0,336,418,299,53,10,247,599,64,164,40,92
OH,,2010,"2,274",372,0,131,475,294,1,2,142,262,62,252,28,67
OH,,2011,"2,171",492,0,123,421,275,76,0,108,313,60,215,31,179
OH,,2012,"1,850",429,0,144,420,261,47,0,116,298,21,223,29,186
OH,,2013,"1,581",450,0,148,409,258,47,0,117,274,25,226,29,177
OH,,2014,"1,860",287,0,126,439,260,69,2,116,247,58,195,33,153
OH,,2015,"1,906",330,0,66,431,257,67,0,146,197,48,199,36,150
OH,,2016,"1,948",280,0,21,445,265,64,0,146,155,29,135,32,160
OH,,2017,"2,119",311,0,23,467,275,71,0,151,189,30,144,34,168
OH,,2010,"2,017",325,0,373,356,234,100,10,159,170,40,200,32,270
OH,,2011,"1,996",230,0,395,371,229,117,7,155,232,43,189,23,21
OH,,2012,"1,723",227,0,445,392,145,76,19,175,175,68,180,19,69
OH,,2013,"1,500",276,0,325,400,146,75,19,171,196,75,185,19,71
OH,,2014,"1,734",187,0,322,334,231,98,11,178,161,55,173,22,31
OH,,2015,"1,854",242,0,278,347,266,95,12,196,237,70,55,22,62
OH,,2016,"1,947",202,0,272,486,275,82,13,206,162,29,163,4,62
OH,,2017,"1,994",225,0,301,508,286,91,14,220,164,31,179,4,67
OK,,2010,"1,548",2,0,3,340,274,61,0,277,136,82,49,3,35
OK,,2011,"1,463",2,0,3,331,255,58,2,257,236,33,42,3,36
OK,,2012,"1,469",2,0,17,298,241,19,11,262,147,33,39,2,36
OK,,2013,"1,518",2,0,15,309,242,58,18,215,152,56,40,4,42
OK,,2014,"1,621",2,0,14,354,263,59,29,231,135,73,39,4,111
OK,,2015,"1,521",2,0,12,312,242,19,28,282,134,52,43,4,39
OK,,2016,"1,419",2,0,11,310,230,15,30,322,172,56,45,4,39
OK,,2017,"1,305",0,0,14,341,202,23,30,361,174,68,56,3,46
OK,,2010,"1,576",79,0,233,241,168,76,2,146,176,46,42,68,52
OK,,2011,"1,658",46,0,231,247,163,78,2,139,168,49,40,34,58
OK,,2012,"1,514",43,0,223,259,191,71,2,108,148,49,42,34,45
OK,,2013,"1,505",44,0,227,261,192,73,3,107,146,50,42,19,45
OK,,2014,"1,571",59,0,266,287,178,74,2,168,167,49,40,6,41
OK,,2015,"1,638",48,0,254,287,185,79,3,135,150,59,38,7,44
OK,,2016,"1,604",52,0,267,288,182,77,3,124,162,48,37,7,51
OK,,2017,"1,579",48,0,274,284,178,74,3,116,156,55,39,5,52
OR,,2010,"1,182",84,0,195,352,204,130,49,227,152,43,63,333,89
OR,,2011,"1,126",92,0,198,362,200,141,43,219,141,41,58,250,107
OR,,2012,"1,088",92,0,195,385,212,128,45,228,130,40,58,294,116
OR,,2013,"1,083",52,0,163,395,211,109,46,229,133,36,62,229,99
OR,,2014,"1,105",60,0,171,361,210,109,45,238,136,34,59,249,101
OR,,2015,"1,336",55,0,177,384,214,111,46,228,125,33,62,263,99
OR,,2016,"1,338",43,0,199,384,225,117,49,224,134,33,61,239,102
OR,,2017,"1,309",41,0,208,379,224,121,53,239,143,36,60,220,109
OR,,2010,"1,501",263,0,277,357,168,192,26,258,346,157,44,66,110
OR,,2011,"1,445",256,0,295,350,172,184,22,280,352,148,43,70,96
OR,,2012,"1,376",251,0,289,354,173,182,24,226,379,167,43,60,97
OR,,2013,"1,398",235,0,269,347,165,180,25,228,395,159,42,60,95
OR,,2014,"1,530",229,0,288,364,161,180,33,246,341,143,52,61,95
OR,,2015,"1,620",242,0,323,366,188,190,34,254,377,143,57,64,94
OR,,2016,"1,725",234,0,391,359,183,196,38,255,340,153,85,65,110
OR,,2017,"1,739",221,0,349,367,180,202,34,277,446,166,102,81,111
OR,,2010,"1,724",10,0,185,279,196,114,29,64,261,80,48,36,54
OR,,2011,"1,852",10,0,172,277,162,112,27,63,275,97,48,25,61
OR,,2012,"1,735",9,0,352,280,173,113,24,63,239,95,47,13,70
OR,,2013,"1,554",9,0,342,277,158,112,24,56,223,104,47,36,45
OR,,2014,"1,567",6,7,329,283,161,113,24,44,229,101,47,44,46
OR,,2015,"1,630",6,7,247,278,160,113,24,44,223,100,47,12,44
OR,,2016,"1,739",4,8,226,293,169,117,26,47,235,105,49,13,46
OR,,2017,"1,674",5,7,224,310,173,123,26,48,246,110,49,21,48
PA,,2010,"1,658",392,0,971,429,144,281,17,299,465,68,204,86,34
PA,,2011,"1,633",276,0,900,370,128,234,17,55,476,34,179,72,27
PA,,2012,"1,605",395,0,941,423,138,191,18,58,467,36,217,75,29
PA,,2013,"2,054",292,0,896,440,140,233,17,57,389,38,210,73,29
PA,,2014,"1,781",290,0,977,444,137,242,17,76,500,51,211,106,37
PA,,2015,"1,771",244,0,939,411,172,243,17,63,534,59,212,126,60
PA,,2016,"1,855",242,0,"1,139",419,154,241,20,66,497,58,214,117,74
PA,,2017,"1,925",127,0,"1,069",427,162,236,21,65,471,61,215,122,73
PA,,2010,"1,858",326,1,553,312,186,77,11,109,784,41,89,20,119
PA,,2011,"1,841",276,1,487,327,183,78,10,225,908,46,90,18,83
PA,,2012,"1,710",265,1,485,314,180,77,10,119,771,39,86,71,73
PA,,2013,"1,762",535,1,360,319,184,78,9,88,683,40,76,18,95
PA,,2014,"1,774",527,1,335,293,196,87,10,79,641,79,82,21,208
PA,,2015,"1,885",544,1,346,317,189,84,10,95,490,76,90,16,275
PA,,2016,"1,937",520,1,356,299,197,81,11,100,480,71,91,24,262
PA,,2017,"1,934",590,1,367,358,226,84,16,72,472,71,96,29,250
RI,,2010,"2,541",0,0,0,526,414,0,20,55,377,48,49,291,78
RI,,2011,"2,435",0,0,0,502,428,0,18,57,396,42,42,290,62
RI,,2012,"2,311",0,0,0,492,377,0,17,52,382,56,49,217,59
RI,,2013,"2,391",0,0,0,472,397,0,16,75,435,39,36,109,72
RI,,2014,"2,386",0,0,0,472,402,0,17,75,398,38,33,98,78
RI,,2015,"2,486",0,0,0,516,447,0,16,74,345,40,48,109,63
RI,,2016,"2,420",0,0,0,528,430,0,15,65,436,44,59,63,68
RI,,2017,"2,460",0,0,0,528,404,0,14,60,358,40,102,73,67
RI,,2010,"2,269",25,0,5,258,266,0,11,29,102,33,17,15,29
RI,,2011,"2,259",18,0,2,244,281,0,11,42,78,37,9,15,28
RI,,2012,"2,283",16,0,2,252,279,0,10,26,77,35,12,15,29
RI,,2013,"2,246",10,0,2,254,281,0,25,27,86,28,5,16,21
RI,,2014,"2,225",9,0,2,254,271,0,10,27,76,29,6,30,22
RI,,2015,"2,227",9,0,2,230,273,0,9,27,70,47,2,14,24
RI,,2016,"2,334",9,0,2,302,317,0,9,29,75,56,6,15,22
RI,,2017,"2,285",9,0,2,282,281,0,10,31,77,32,6,16,26
SC,,2010,"1,632",13,28,8,560,183,205,23,309,441,131,85,44,51
SC,,2011,"1,356",10,27,8,532,196,84,19,256,328,125,91,69,42
SC,,2012,"1,242",11,24,14,559,195,2,13,303,307,122,72,50,70
SC,,2013,"1,526",8,26,9,554,204,89,17,235,263,110,62,53,78
SC,,2014,"1,611",10,24,8,468,209,87,17,229,262,127,84,50,65
SC,,2015,"1,662",13,0,44,449,255,87,17,339,255,104,87,40,94
SC,,2016,"1,556",11,27,45,572,215,88,17,304,272,133,84,43,77
SC,,2017,"1,447",11,25,46,586,220,86,18,286,226,135,86,47,74
SC,,2010,"1,457",14,0,15,345,217,57,4,185,363,75,67,22,81
SC,,2011,"1,250",8,0,15,353,242,54,4,188,348,82,73,20,79
SC,,2012,"1,226",5,0,39,372,232,53,27,233,377,51,64,34,71
SC,,2013,"1,286",6,0,51,375,206,54,25,228,377,68,80,45,118
SC,,2014,"1,305",17,0,47,385,240,55,5,188,379,75,68,42,133
SC,,2015,"1,395",16,0,48,389,245,56,4,286,418,77,68,47,129
SC,,2016,"1,412",12,0,75,422,385,52,5,258,408,51,82,163,76
SC,,2017,"1,378",5,0,51,450,420,54,6,227,427,56,81,135,107
SD,,2010,"1,171",12,0,81,329,134,147,3,294,190,36,50,51,22
SD,,2011,"1,359",18,0,72,290,206,143,0,255,173,39,55,79,19
SD,,2012,"1,481",18,0,71,298,172,137,0,249,176,48,56,152,45
SD,,2013,"1,246",16,0,75,300,142,139,3,229,183,47,90,97,26
SD,,2014,"1,103",16,0,78,303,139,142,2,211,129,61,57,139,50
SD,,2015,"1,049",15,0,79,296,148,137,2,215,120,65,61,136,60
SD,,2016,"1,130",22,0,77,301,154,151,5,226,119,45,71,128,51
SD,,2017,"1,119",17,0,76,336,155,156,6,242,116,51,76,53,48
SD,,2010,"1,753",21,0,70,255,141,75,0,235,113,51,49,24,67
SD,,2011,"1,669",19,0,70,235,153,73,0,174,108,45,49,29,60
SD,,2012,"1,663",21,0,72,232,150,78,0,226,131,45,48,30,51
SD,,2013,"1,732",21,0,68,235,148,70,0,321,127,41,48,37,56
SD,,2014,"1,746",17,0,79,240,149,67,0,561,107,68,50,33,62
SD,,2015,"1,751",22,0,71,241,170,72,0,429,108,44,51,33,79
SD,,2016,"1,940",21,0,72,232,170,73,0,208,100,48,54,39,83
SD,,2017,"1,745",21,0,64,223,137,80,0,247,114,46,55,27,57
TN,,2010,"1,291",144,"1,736",86,349,238,96,20,163,334,106,110,71,440
TN,,2011,"1,272",156,"1,738",75,375,263,72,21,163,306,103,99,38,381
TN,,2012,"1,251",93,"1,768",74,396,324,69,20,171,285,111,80,40,328
TN,,2013,"1,288",36,"1,776",75,396,335,100,20,162,307,113,82,35,341
TN,,2014,"1,298",32,"1,746",69,382,331,95,18,142,294,108,81,35,312
TN,,2015,"1,303",34,"1,966",111,406,215,83,27,150,402,101,95,34,133
TN,,2016,"1,288",39,"2,411",111,421,238,83,27,139,317,101,101,23,96
TN,,2017,"1,294",39,"2,559",107,459,236,84,19,151,313,100,100,24,100
TN,,2010,"1,231",7,0,68,415,195,81,18,128,384,108,74,5,70
TN,,2011,"1,191",6,0,66,400,201,78,18,130,388,101,72,6,68
TN,,2012,"1,235",6,0,61,402,201,71,17,136,392,105,67,3,63
TN,,2013,"1,284",6,0,60,407,208,11,17,132,374,106,66,7,62
TN,,2014,"1,323",6,0,61,456,210,28,17,139,316,99,73,12,60
TN,,2015,"1,282",0,0,76,458,211,38,17,141,307,101,75,4,61
TN,,2016,"1,241",0,0,78,341,126,28,13,188,266,97,66,11,132
TN,,2017,"1,262",0,0,80,387,127,0,10,211,264,123,70,9,100
TN,,2010,"2,503",71,399,77,578,316,68,16,87,209,88,141,43,73
TN,,2011,"2,500",62,379,63,578,307,72,16,129,248,69,121,41,80
TN,,2012,"2,451",59,369,56,535,281,69,15,62,387,66,117,34,80
TN,,2013,"2,327",42,400,53,553,271,71,15,67,251,75,127,42,107
TN,,2014,"1,624",38,411,55,560,280,65,18,75,236,64,129,41,89
TN,,2015,"1,383",35,438,54,541,282,66,12,82,219,63,134,37,67
TN,,2016,"1,342",37,474,55,557,273,62,12,78,171,72,123,37,71
TN,,2017,"1,376",39,468,54,576,290,60,14,79,164,83,114,34,90
TN,,2010,"1,483",58,254,107,330,191,95,14,143,229,48,109,2,57
TN,,2011,"1,476",56,252,115,340,192,108,14,143,317,52,96,2,47
TN,,2012,"1,451",53,242,144,335,185,106,13,140,258,38,90,2,47
TN,,2013,"1,412",69,210,94,396,210,102,14,248,195,38,95,8,79
TN,,2014,"1,519",78,184,139,353,186,99,14,268,171,32,127,30,124
TN,,2015,"1,598",68,153,87,342,182,100,14,346,204,33,129,7,125
TN,,2016,"1,563",69,148,86,313,196,122,13,225,179,38,150,1,120
TN,,2017,"1,682",71,145,92,322,189,111,16,194,173,39,181,1,108
TX,,2010,"1,789",5,479,90,281,123,65,0,"1,411",114,24,86,31,53
TX,,2011,"1,869",4,464,94,285,114,64,8,321,124,25,77,26,47
TX,,2012,"1,672",4,460,93,285,113,51,9,106,116,25,93,19,41
TX,,2013,"1,669",3,429,85,269,115,71,9,93,113,25,86,14,37
TX,,2014,"1,747",3,402,90,266,116,51,10,93,107,30,95,13,38
TX,,2015,"1,766",3,425,101,273,117,56,15,83,103,26,97,13,42
TX,,2016,"1,982",3,431,105,274,119,60,15,84,97,27,93,12,42
TX,,2017,"2,023",2,433,109,283,123,58,16,86,98,27,79,12,38
TX,,2010,"1,651",34,1,232,398,173,188,0,177,186,68,137,12,54
TX,,2011,"1,505",34,0,203,415,166,164,0,167,192,75,198,10,53
TX,,2012,"1,354",35,0,343,406,165,152,0,172,175,76,152,11,59
TX,,2013,"1,345",31,0,344,399,164,147,0,205,158,84,134,14,65
TX,,2014,"1,336",30,0,331,394,164,137,0,197,164,80,128,13,64
TX,,2015,"1,364",35,0,457,405,163,153,0,217,173,87,127,12,76
TX,,2016,"1,337",31,0,525,421,173,150,2,200,171,85,132,17,77
TX,,2017,"1,394",31,0,589,433,179,145,2,202,176,84,151,13,79
TX,,2010,"1,893",5,113,94,281,153,65,7,147,129,31,96,42,53
TX,,2011,"1,777",5,112,85,294,156,64,5,211,121,31,95,59,45
TX,,2012,"1,643",5,111,84,286,162,61,6,145,136,34,90,34,33
TX,,2013,"1,661",5,110,75,267,156,59,5,120,119,35,88,41,30
TX,,2014,"1,691",5,104,73,272,163,56,7,109,118,32,84,39,30
TX,,2015,"1,736",4,216,85,336,194,67,7,112,121,43,85,46,34
TX,,2016,"1,612",4,229,86,295,163,71,7,150,120,42,86,47,35
TX,,2017,"1,764",5,311,93,295,169,170,6,134,105,43,86,35,39
TX,,2010,"1,785",12,722,66,375,173,59,39,224,273,42,79,62,35
TX,,2011,"2,004",40,739,55,360,172,56,30,176,242,37,71,41,27
TX,,2012,"1,773",46,775,53,326,166,53,28,160,214,36,69,34,27
TX,,2013,"1,631",30,723,52,311,166,52,29,166,218,30,71,29,25
TX,,2014,"1,480",31,774,53,324,162,58,31,170,205,33,77,33,22
TX,,2015,"1,582",31,790,76,319,176,59,33,152,187,34,74,30,25
TX,,2016,"1,646",25,823,73,319,161,62,38,135,187,37,78,31,30
TX,,2017,"1,652",26,826,86,328,164,66,50,146,174,43,75,36,38
TX,,2010,"2,235",16,529,93,231,121,107,5,78,154,46,91,46,38
TX,,2011,"2,022",17,594,94,227,124,103,6,90,141,39,85,32,31
TX,,2012,"1,902",16,582,84,240,140,121,1,55,79,40,83,46,24
TX,,2013,"1,901",15,540,72,250,139,108,11,58,162,36,72,70,28
TX,,2014,"1,914",11,491,78,245,141,111,8,94,132,39,81,72,31
TX,,2015,"1,929",10,547,88,263,144,111,5,179,238,42,95,50,33
TX,,2016,"1,874",10,617,56,256,146,134,5,105,170,33,94,47,36
TX,,2017,"1,936",7,739,81,237,143,115,7,97,170,33,92,46,48
TX,,2010,"1,983",3,475,111,362,162,65,23,70,134,27,93,15,46
TX,,2011,"1,991",3,460,113,356,155,64,24,68,135,23,88,13,43
TX,,2012,"1,630",3,455,100,369,151,51,23,119,158,26,98,13,44
TX,,2013,"1,524",3,425,88,353,156,71,20,101,147,23,95,13,40
TX,,2014,"1,527",2,398,97,345,156,51,16,114,134,28,101,14,47
TX,,2015,"1,621",3,421,101,357,154,57,12,104,121,25,103,11,49
TX,,2016,"1,705",3,426,105,356,155,60,12,104,137,27,99,10,48
TX,,2017,"1,692",2,428,109,363,159,58,12,107,132,27,85,10,44
TX,,2010,"1,827",4,766,43,239,134,57,7,59,114,31,72,69,39
TX,,2011,"1,788",27,785,46,222,129,54,7,54,97,30,67,47,42
TX,,2012,"1,678",32,823,45,226,130,52,17,88,88,27,66,43,38
TX,,2013,"1,743",29,769,48,212,127,51,16,61,90,28,64,40,29
TX,,2014,"1,696",28,823,46,214,124,57,17,61,78,30,70,40,32
TX,,2015,"1,800",23,841,76,205,124,59,17,61,70,26,72,37,35
TX,,2016,"1,953",21,876,79,206,127,61,17,58,71,26,75,38,35
TX,,2017,"2,103",22,879,80,220,130,65,18,60,68,27,72,43,36
TX,,2010,"1,885",9,432,138,448,196,95,28,96,160,41,89,48,41
TX,,2011,"1,823",8,430,126,416,142,85,26,86,153,36,83,53,40
TX,,2012,"1,743",6,398,122,382,182,77,27,56,147,45,76,118,122
TX,,2013,"1,576",6,459,100,392,176,62,27,48,146,28,77,46,100
TX,,2014,"1,577",6,460,120,412,194,76,34,46,128,50,76,99,79
TX,,2015,"1,650",5,454,135,393,183,65,31,58,113,45,83,35,110
TX,,2016,"1,827",5,471,126,393,187,67,31,50,107,29,81,32,129
TX,,2017,"1,920",5,522,131,402,176,82,32,52,115,31,81,31,148
TX,,2010,"1,549",2,"1,574",156,268,158,136,8,77,39,23,87,33,75
TX,,2011,"1,555",2,"1,546",148,268,154,109,7,71,39,22,96,36,77
TX,,2012,"1,494",2,"1,487",146,273,162,95,7,76,27,23,89,40,78
TX,,2013,"1,592",2,"1,522",138,284,173,94,7,75,41,21,96,32,69
TX,,2014,"1,503",2,"1,546",129,293,149,95,10,69,37,21,107,28,76
TX,,2015,"1,455",2,"1,603",139,262,171,79,9,67,40,24,106,53,80
TX,,2016,"1,442",2,"1,774",147,366,171,30,9,67,45,25,110,35,73
TX,,2017,"1,442",2,"1,793",151,357,197,27,10,64,47,25,117,43,83
TX,,2010,"2,188",119,535,70,294,168,84,0,150,192,36,92,13,17
TX,,2011,"1,944",120,576,63,288,171,70,0,143,179,40,98,13,15
TX,,2012,"1,812",107,584,67,280,180,61,0,129,175,23,72,15,16
TX,,2013,"1,888",107,577,62,275,171,60,0,123,158,40,72,13,15
TX,,2014,"1,958",76,722,61,283,174,64,0,165,153,34,74,14,16
TX,,2015,"2,096",87,711,74,287,172,61,3,190,152,39,68,27,19
TX,,2016,"1,904",88,685,76,289,175,62,0,233,151,35,78,16,21
TX,,2017,"1,840",88,785,79,295,182,50,1,163,148,41,88,16,16
UT,,2010,"1,032",10,0,111,180,83,53,0,98,126,62,39,41,24
UT,,2011,"1,096",10,0,114,168,80,53,0,104,136,58,37,41,21
UT,,2012,"1,015",3,0,83,175,82,50,0,252,118,59,44,40,22
UT,,2013,"1,007",3,0,55,170,82,47,0,256,98,26,52,44,38
UT,,2014,"1,018",3,0,56,173,83,48,0,93,94,25,54,70,52
UT,,2015,"1,053",3,0,107,149,80,39,0,133,100,21,45,50,76
UT,,2016,"1,351",3,0,111,151,84,39,0,116,92,18,46,1,83
UT,,2017,"1,625",3,0,106,149,85,37,12,87,108,18,44,1,75
UT,,2010,"1,436",54,0,47,375,196,83,0,294,502,66,109,265,73
UT,,2011,"1,447",52,0,45,374,198,81,0,273,485,56,110,258,67
UT,,2012,"1,433",74,0,37,370,207,81,0,274,396,63,106,48,70
UT,,2013,"1,466",106,0,35,353,194,76,28,251,436,75,105,398,72
UT,,2014,"1,255",113,0,36,377,235,77,0,126,339,95,105,16,55
UT,,2015,"1,359",120,0,46,354,186,74,0,156,323,78,108,6,56
UT,,2016,"1,361",137,0,66,484,191,72,0,172,295,56,104,8,56
UT,,2017,"1,432",128,0,69,548,187,71,0,293,326,55,131,58,98
VA,,2010,"2,309",127,150,150,221,236,264,13,75,39,74,54,17,43
VA,,2011,"2,183",126,139,150,219,190,257,39,89,14,87,51,41,42
VA,,2012,"2,212",136,156,135,188,186,254,15,93,16,68,40,46,55
VA,,2013,"2,083",164,155,60,181,183,233,0,74,11,74,40,32,59
VA,,2014,"2,054",82,175,137,190,175,243,24,99,105,84,38,32,33
VA,,2015,"2,020",81,174,134,200,172,241,24,94,102,82,38,31,33
VA,,2016,"2,023",84,175,130,262,181,252,25,72,91,69,41,32,34
VA,,2017,"2,070",86,172,149,265,182,292,26,66,103,70,41,33,39
VA,,2010,"1,848",339,321,175,338,231,235,12,285,509,137,66,268,69
VA,,2011,"1,637",289,325,173,349,209,216,10,250,498,105,70,205,88
VA,,2012,"1,838",332,313,163,299,178,202,10,209,479,101,59,142,83
VA,,2013,"1,812",189,319,205,305,201,229,11,284,457,88,55,280,65
VA,,2014,"1,597",226,336,159,313,169,257,0,184,421,36,32,304,104
VA,,2015,"1,630",223,325,147,310,167,260,0,192,423,43,36,169,31
VA,,2016,"1,821",223,328,148,292,168,212,0,282,457,50,121,108,34
VA,,2017,"1,743",186,334,181,299,179,225,0,230,373,57,102,114,44
VA,,2010,"1,837",103,0,247,526,270,167,19,107,494,254,82,36,22
VA,,2011,"1,659",93,0,237,463,252,237,17,99,476,145,81,84,35
VA,,2012,"1,737",85,0,239,476,244,331,22,95,486,149,83,105,35
VA,,2013,"1,692",82,0,230,459,234,321,21,92,466,144,80,95,34
VA,,2014,"1,820",308,0,270,609,206,163,19,184,461,104,107,41,92
VA,,2015,"1,744",328,0,291,514,213,175,0,158,486,140,107,29,90
VA,,2016,"1,661",316,0,297,445,210,170,0,126,588,129,104,24,95
VA,,2017,"1,696",316,0,345,458,203,157,0,118,572,114,98,17,87
VA,,2010,"2,163",194,150,142,208,113,156,12,265,90,44,42,134,55
VA,,2011,"2,097",173,139,133,208,115,150,6,252,74,41,40,56,49
VA,,2012,"2,052",167,156,129,215,115,146,4,257,62,42,40,91,54
VA,,2013,"1,941",143,155,139,216,121,146,4,240,66,42,41,79,59
VA,,2014,"1,947",142,175,129,220,126,157,4,326,87,42,47,38,58
VA,,2015,"1,913",133,174,143,217,123,162,12,340,72,43,39,83,56
VA,,2016,"1,940",132,175,145,216,116,160,12,335,71,43,43,70,61
VA,,2017,"1,895",130,172,147,216,122,165,12,303,73,43,44,90,61
VT,,2010,"1,806",0,0,0,255,159,0,28,159,674,51,31,14,55
VT,,2011,"1,991",1,0,0,263,167,0,32,184,666,57,27,12,69
VT,,2012,"1,805",0,0,0,270,166,0,28,208,657,67,24,40,77
VT,,2013,"2,011",0,0,0,363,223,0,22,156,"1,004",87,25,0,131
VT,,2014,"2,003",1,0,3,332,199,0,26,235,671,38,28,0,65
VT,,2015,"1,934",1,0,3,362,224,0,23,248,700,46,31,0,86
VT,,2016,"1,891",0,0,3,364,225,0,25,238,709,44,31,0,73
VT,,2017,"1,892",0,0,3,378,234,0,24,285,720,68,29,0,100
VT,,2010,"2,850",0,0,0,350,183,0,0,131,186,71,22,41,24
VT,,2011,"3,048",0,0,0,326,203,0,0,93,235,69,16,49,32
VT,,2012,"2,858",0,0,0,339,187,0,0,120,220,48,13,56,55
VT,,2013,"2,876",0,0,0,352,194,0,0,117,283,52,13,59,50
VT,,2014,"2,890",0,0,0,326,232,0,0,124,229,49,13,55,54
VT,,2015,"3,499",0,0,0,390,210,0,0,118,186,53,15,29,65
VT,,2016,"3,073",0,0,0,391,216,0,0,122,165,54,15,30,67
VT,,2017,"3,021",0,0,0,411,222,0,0,123,205,49,13,28,72
WA,,2010,"1,422",213,18,269,410,257,97,68,380,412,55,158,37,91
WA,,2011,"1,279",203,18,261,385,259,86,52,362,466,56,152,10,77
WA,,2012,"1,147",193,14,251,381,221,81,55,325,372,50,146,17,69
WA,,2013,"1,129",174,14,261,360,229,80,56,268,412,30,148,15,69
WA,,2014,"1,214",158,14,261,374,210,79,64,331,361,24,148,4,67
WA,,2015,"1,331",176,14,269,395,219,80,67,289,378,25,153,4,68
WA,,2016,"1,570",159,33,281,369,262,83,57,387,395,29,192,0,71
WA,,2017,"1,505",155,14,309,379,269,81,62,423,422,32,192,0,82
WA,,2010,"1,664",18,0,214,319,196,84,18,333,233,53,139,16,44
WA,,2011,"1,685",20,0,214,307,198,89,19,204,245,43,130,14,48
WA,,2012,"1,761",20,0,216,298,191,88,18,163,228,29,128,14,49
WA,,2013,"1,735",30,0,217,312,199,94,19,139,199,31,124,14,40
WA,,2014,"1,854",36,0,253,337,212,83,27,181,197,40,132,10,54
WA,,2015,"1,787",34,0,273,347,217,85,29,227,190,46,125,11,40
WA,,2016,"1,820",44,0,333,346,237,91,39,173,174,50,130,11,30
WA,,2017,"1,919",47,0,338,342,220,93,36,185,257,49,128,10,32
WA,,2010,"1,923",44,0,157,420,233,91,23,136,399,72,151,3,139
WA,,2011,"2,010",45,0,141,422,231,90,35,251,402,74,146,3,126
WA,,2012,"1,967",48,0,140,405,240,83,35,275,424,71,141,3,123
WA,,2013,"1,843",11,0,134,426,251,83,34,207,292,174,139,0,115
WA,,2014,"2,022",16,0,76,469,326,85,3,202,332,174,144,0,86
WA,,2015,"1,966",15,0,77,472,339,84,3,199,384,174,148,0,67
WA,,2016,"2,545",23,0,79,492,340,85,3,273,413,172,149,0,87
WA,,2017,"2,371",21,0,78,518,345,77,3,220,360,173,156,0,77
WI,,2010,"1,844",442,0,112,374,214,81,16,303,194,38,67,26,88
WI,,2011,"1,812",438,0,108,375,197,78,20,190,219,38,65,28,101
WI,,2012,"1,755",426,0,106,384,199,77,16,307,186,37,66,24,59
WI,,2013,"1,855",420,0,108,359,204,77,14,205,184,35,63,24,56
WI,,2014,"1,903",424,0,106,360,208,74,17,189,191,34,65,24,55
WI,,2015,"1,817",431,0,110,361,209,73,14,266,214,35,68,27,64
WI,,2016,"1,837",438,0,109,364,272,73,17,239,220,35,69,25,64
WI,,2017,"1,782",444,0,121,368,207,72,15,209,171,33,68,39,71
WI,,2010,"2,344",192,0,524,493,214,186,31,165,87,45,117,46,57
WI,,2011,"2,251",182,0,564,522,211,182,33,158,78,42,91,51,58
WI,,2012,"1,995",105,0,565,502,163,174,31,153,74,41,88,47,300
WI,,2013,"1,925",101,0,551,486,164,157,31,156,73,42,88,44,234
WI,,2014,"1,784",73,0,476,477,172,158,30,150,72,41,96,44,276
WI,,2015,"1,823",64,0,544,541,161,155,30,153,64,51,100,88,276
WI,,2016,"1,812",75,0,550,588,160,153,30,188,56,54,112,63,252
WI,,2017,"1,960",76,0,454,587,186,171,29,179,55,52,110,64,242
WV,,2010,"1,819",0,0,20,483,458,26,0,230,379,88,50,50,253
WV,,2011,"1,843",0,0,20,486,422,46,0,220,930,102,64,29,218
WV,,2012,"1,675",0,0,17,516,422,32,0,227,793,117,76,49,220
WV,,2013,"1,690",0,0,21,526,444,29,0,228,509,121,73,39,222
WV,,2014,"1,628",0,0,19,504,402,26,0,219,434,122,71,29,223
WV,,2015,"1,707",1,0,24,613,370,31,0,203,311,127,73,54,191
WV,,2016,"1,572",16,0,41,563,385,30,0,498,357,77,87,73,212
WV,,2017,"1,654",16,0,26,605,464,29,0,967,376,168,89,49,253
WV,,2010,"1,647",22,0,35,311,244,36,7,130,458,238,34,66,115
WV,,2011,"1,476",19,0,35,341,262,45,7,136,437,208,31,57,102
WV,,2012,"1,404",20,0,38,324,244,46,7,123,439,217,42,66,120
WV,,2013,"1,475",2,0,34,321,243,45,6,115,360,238,40,69,123
WV,,2014,"1,454",7,0,38,345,265,44,7,161,370,232,39,67,120
WV,,2015,"1,519",6,0,40,361,279,44,8,111,375,218,39,65,116
WV,,2016,"1,474",7,0,39,373,262,46,8,127,334,261,42,74,132
WV,,2017,"1,472",14,0,34,320,277,44,4,120,374,206,34,65,102
WY,,2010,"3,020",35,3,77,328,169,149,19,241,11,77,76,146,177
WY,,2011,"2,735",120,2,70,311,169,138,17,238,11,78,72,49,137
WY,,2012,"2,593",50,2,27,322,148,147,17,242,9,75,70,48,141
WY,,2013,"2,563",77,2,47,382,192,145,20,245,7,90,75,93,92
WY,,2014,"2,887",54,2,26,357,217,144,20,302,3,101,74,80,163
WY,,2015,"3,510",25,2,26,331,176,150,20,376,5,106,74,92,166
WY,,2016,"3,429",25,1,28,336,169,141,20,383,1,108,70,91,296
WY,,2017,"3,039",27,1,29,350,180,141,22,387,1,109,72,89,269
WY,,2010,"2,971",33,"3,043",107,308,173,104,29,224,14,60,57,40,345
WY,,2011,"2,524",21,"3,404",45,293,178,130,27,131,14,55,58,33,291
WY,,2012,"2,512",25,"3,616",46,302,174,137,32,216,5,60,57,35,257
WY,,2013,"2,471",19,"3,609",51,340,187,94,23,269,8,62,53,74,90
WY,,2014,"2,541",19,"3,257",62,360,191,89,23,190,7,62,54,73,108
WY,,2015,"2,767",22,"3,368",59,470,183,96,24,288,9,67,49,78,99
WY,,2016,"2,665",23,"3,668",62,504,189,101,24,145,3,65,53,80,104
WY,,2017,"2,563",33,"3,402",66,364,171,93,30,165,7,64,44,65,151
